Address, Content, Pattern
0b00000000001110101,0b00001010,0xAA
0b00000000010111101,0b10000010,0xAA
0b00000000011010101,0b10000010,0xAA
0b00000001010010101,0b10100010,0xAA
0b00000001010010111,0b10001010,0xAA
0b00000001100101100,0b10101110,0xAA
0b00000001100101101,0b00001010,0xAA
0b00000001110100101,0b10000010,0xAA
0b00000001111010101,0b10001010,0xAA
0b00000001111010110,0b10100010,0xAA
0b00000010010001100,0b10101110,0xAA
0b00000010010001101,0b00001010,0xAA
0b00000010011110100,0b10101110,0xAA
0b00000010011110101,0b00001010,0xAA
0b00000011000111101,0b00000010,0xAA
0b00000011000111110,0b10101000,0xAA
0b00000011010100100,0b10101110,0xAA
0b00000011010100101,0b00001010,0xAA
0b00000011101000100,0b10101110,0xAA
0b00000011101000101,0b00001010,0xAA
0b00000011101110101,0b10000010,0xAA
0b00000011111010100,0b10101110,0xAA
0b00000011111010101,0b00001010,0xAA
0b00000100000010110,0b10000010,0xAA
0b00000100000110011,0b10100010,0xAA
0b00000100001110011,0b10100010,0xAA
0b00000100010011110,0b10000010,0xAA
0b00000100100010110,0b10000010,0xAA
0b00000100101010010,0b10100010,0xAA
0b00000100101100111,0b10100010,0xAA
0b00000101010110011,0b10100010,0xAA
0b00000101011001100,0b10100000,0xAA
0b00000101101000100,0b10100010,0xAA
0b00000101101000110,0b11100010,0xAA
0b00000101101011110,0b00101010,0xAA
0b00000101101011111,0b10101000,0xAA
0b00000110000000110,0b10100010,0xAA
0b00000110000000111,0b10100010,0xAA
0b00000110000100011,0b10101000,0xAA
0b00000110100010011,0b10001000,0xAA
0b00000110100010110,0b10000010,0xAA
0b00000110110001011,0b10100010,0xAA
0b00000111001011011,0b10100010,0xAA
0b00000111010101011,0b10001000,0xAA
0b00001000001110011,0b10000010,0xAA
0b00001000010111011,0b10000010,0xAA
0b00001000011111011,0b10001110,0xAA
0b00001000100010001,0b10001010,0xAA
0b00001000100010010,0b10100010,0xAA
0b00001000100010011,0b10000010,0xAA
0b00001000100100110,0b00101010,0xAA
0b00001000100100111,0b10100010,0xAA
0b00001000101000010,0b10100010,0xAA
0b00001000101000011,0b10001010,0xAA
0b00001001001110010,0b10100010,0xAA
0b00001001001110011,0b10101011,0xAA
0b00001001011010011,0b00001010,0xAA
0b00001001111010101,0b10101000,0xAA
0b00001001111010111,0b10100010,0xAA
0b00001010000100011,0b10001110,0xAA
0b00001010000100100,0b00101010,0xAA
0b00001010000100101,0b10001010,0xAA
0b00001010000100111,0b10101000,0xAA
0b00001011010000101,0b10100010,0xAA
0b00001011010000111,0b10100010,0xAA
0b00001011111011101,0b10100010,0xAA
0b00001011111011111,0b10100010,0xAA
0b00001100111100011,0b10100010,0xAA
0b00001101100101101,0b00101010,0xAA
0b00001101100101111,0b10101000,0xAA
0b00001110000111000,0b10001110,0xAA
0b00001110000111001,0b00101010,0xAA
0b00001110000111010,0b10100010,0xAA
0b00001110100010010,0b10100010,0xAA
0b00001110100010101,0b00101010,0xAA
0b00001110100010111,0b10101000,0xAA
0b00001110110000001,0b10001010,0xAA
0b00001110110000010,0b10100010,0xAA
0b00001110110101000,0b10000010,0xAA
0b00001110110101001,0b10101011,0xAA
0b00001111001100000,0b10001010,0xAA
0b00001111001100001,0b00101010,0xAA
0b00001111001100011,0b10101000,0xAA
0b00010100000010011,0b10100010,0xAA
0b00010100001000011,0b10100010,0xAA
0b00010100010101011,0b10100010,0xAA
0b00010100011010011,0b10100010,0xAA
0b00010101001000010,0b00101010,0xAA
0b00010101001000011,0b10100010,0xAA
0b00010101001110000,0b10001010,0xAA
0b00010101001110011,0b10100010,0xAA
0b00010101110001011,0b10100010,0xAA
0b00010101111011011,0b10100010,0xAA
0b00010110001011001,0b10101110,0xAA
0b00010110001011011,0b10100010,0xAA
0b00010110010010011,0b00100010,0xAA
0b00010110011011001,0b10101110,0xAA
0b00010110011011011,0b10100010,0xAA
0b00010110100010010,0b00101010,0xAA
0b00010110100010011,0b10100010,0xAA
0b00010110110100011,0b10100010,0xAA
0b00011000001000100,0b10001010,0xAA
0b00011000001000101,0b10101000,0xAA
0b00011000001100100,0b10001010,0xAA
0b00011000110100101,0b10101000,0xAA
0b00011000110100110,0b10100000,0xAA
0b00011001000001100,0b10001010,0xAA
0b00011001000001110,0b10101000,0xAA
0b00011001000001111,0b10101000,0xAA
0b00011001010001011,0b10101000,0xAA
0b00011001100101100,0b10001010,0xAA
0b00011001100101101,0b10101000,0xAA
0b00011010000100110,0b10100010,0xAA
0b00011010001000011,0b10001010,0xAA
0b00011010010100001,0b10000010,0xAA
0b00011010101010010,0b10101000,0xAA
0b00011010110000000,0b10101000,0xAA
0b00011010110000010,0b10111010,0xAA
0b00011010110000011,0b10101000,0xAA
0b00011010110000100,0b10001010,0xAA
0b00011010110000101,0b10001010,0xAA
0b00011010110000110,0b10100010,0xAA
0b00011011010000101,0b10101000,0xAA
0b00011011010000111,0b00101010,0xAA
0b00011100011111110,0b10101000,0xAA
0b00011100011111111,0b10101000,0xAA
0b00011101000001110,0b10101000,0xAA
0b00011101000001111,0b10101000,0xAA
0b00011110100010110,0b10101110,0xAA
0b00011110100010111,0b10101000,0xAA
0b00011110111010111,0b10101000,0xAA
0b00011111110111110,0b10101000,0xAA
0b00011111110111111,0b10101000,0xAA
0b00011111111110000,0b00101010,0xAA
0b00011111111110001,0b10101000,0xAA
0b00100000010101110,0b10000010,0xAA
0b00100000010110100,0b10001010,0xAA
0b00100000100010100,0b10100000,0xAA
0b00100000101011010,0b00101010,0xAA
0b00100000101011011,0b00101010,0xAA
0b00100000101011100,0b10001010,0xAA
0b00100001001100111,0b10100010,0xAA
0b00100001010011110,0b10000010,0xAA
0b00100001100101100,0b10101000,0xAA
0b00100001100101110,0b10100010,0xAA
0b00100001100101111,0b10101011,0xAA
0b00100001101100110,0b10000010,0xAA
0b00100010100010110,0b10000010,0xAA
0b00100010110101100,0b10001010,0xAA
0b00100011001101001,0b10100010,0xAA
0b00100011001101010,0b10100010,0xAA
0b00100011010010111,0b10100010,0xAA
0b00100011100111110,0b10000010,0xAA
0b00100100000010001,0b10000010,0xAA
0b00100100000010111,0b10100010,0xAA
0b00100100010000000,0b10101011,0xAA
0b00100100010000001,0b10001010,0xAA
0b00100100010010001,0b10001010,0xAA
0b00100100010010010,0b10001010,0xAA
0b00100100010101001,0b10001010,0xAA
0b00100100010101010,0b10001010,0xAA
0b00100100101000010,0b10000010,0xAA
0b00100101000000000,0b10101011,0xAA
0b00100101000000001,0b10001010,0xAA
0b00100101001110001,0b10001010,0xAA
0b00100101001110010,0b10001110,0xAA
0b00100101001110011,0b10101000,0xAA
0b00100101110000001,0b10000010,0xAA
0b00100110000100001,0b10001010,0xAA
0b00100110000100010,0b10001010,0xAA
0b00100110000111001,0b10000010,0xAA
0b00100110010100001,0b10001010,0xAA
0b00100110010100010,0b10001010,0xAA
0b00100110011000000,0b10100010,0xAA
0b00100110011000001,0b11001010,0xAA
0b00100110100110001,0b10001010,0xAA
0b00100110100110011,0b10101000,0xAA
0b00100111000000001,0b11001010,0xAA
0b00100111000001001,0b11001010,0xAA
0b00100111001001001,0b10001010,0xAA
0b00100111001001010,0b10001010,0xAA
0b00100111001011011,0b10101000,0xAA
0b00100111001100010,0b10001010,0xAA
0b00100111010000110,0b00101010,0xAA
0b00100111010000111,0b10100010,0xAA
0b00100111010011010,0b10001010,0xAA
0b00100111010110001,0b10001010,0xAA
0b00100111010110010,0b10001010,0xAA
0b00100111011010001,0b00001010,0xAA
0b00100111011010010,0b10001010,0xAA
0b00100111011010011,0b10101000,0xAA
0b00100111100101001,0b10000010,0xAA
0b00100111101001010,0b10101000,0xAA
0b00100111111010000,0b10100010,0xAA
0b00100111111010001,0b11001010,0xAA
0b00101000001000100,0b10001010,0xAA
0b00101000001000101,0b10100010,0xAA
0b00101000001000110,0b10001010,0xAA
0b00101000010000010,0b00101010,0xAA
0b00101000010000011,0b10101000,0xAA
0b00101000010010100,0b10001010,0xAA
0b00101000010010101,0b10100010,0xAA
0b00101000010010110,0b10001010,0xAA
0b00101000100010010,0b00101000,0xAA
0b00101001111001010,0b00101010,0xAA
0b00101001111001011,0b10101000,0xAA
0b00101001111010101,0b10100010,0xAA
0b00101001111010110,0b10001010,0xAA
0b00101010000100010,0b00101010,0xAA
0b00101010000100011,0b10101000,0xAA
0b00101010001111101,0b10100010,0xAA
0b00101010001111111,0b10001010,0xAA
0b00101010011111010,0b00101010,0xAA
0b00101010011111011,0b10101000,0xAA
0b00101010100010011,0b10100010,0xAA
0b00101010101100100,0b10001010,0xAA
0b00101011000010010,0b00101010,0xAA
0b00101011000010011,0b10101000,0xAA
0b00101011001011000,0b10001010,0xAA
0b00101011011010011,0b10101000,0xAA
0b00101011011100010,0b00101010,0xAA
0b00101011011100011,0b10101000,0xAA
0b00101011100000110,0b10001010,0xAA
0b00101011111011100,0b10000010,0xAA
0b00101011111011101,0b10101011,0xAA
0b00101100001000010,0b10100010,0xAA
0b00101100001000011,0b00101010,0xAA
0b00101100011110000,0b10001010,0xAA
0b00101100011110001,0b10101000,0xAA
0b00101100011110011,0b00100010,0xAA
0b00101100101010000,0b10001010,0xAA
0b00101100101010001,0b10101000,0xAA
0b00101100101010010,0b00100010,0xAA
0b00101100101111010,0b10100010,0xAA
0b00101100101111011,0b00101010,0xAA
0b00101100111110010,0b10100010,0xAA
0b00101100111110011,0b00101010,0xAA
0b00101101001110010,0b10100010,0xAA
0b00101101001110011,0b00101010,0xAA
0b00101101011111011,0b00101010,0xAA
0b00101110001100010,0b10100010,0xAA
0b00101110001100011,0b00101010,0xAA
0b00101110101011010,0b10100010,0xAA
0b00101110101011011,0b00101010,0xAA
0b00101110110000000,0b11001000,0xAA
0b00101110110000010,0b00100010,0xAA
0b00101111001011010,0b00101000,0xAA
0b00101111011100011,0b00101010,0xAA
0b00101111011111010,0b10100010,0xAA
0b00101111011111011,0b00101010,0xAA
0b00101111100011000,0b10001010,0xAA
0b00101111100011001,0b10001010,0xAA
0b00101111100011010,0b10100010,0xAA
0b00101111101001010,0b10100010,0xAA
0b00110000001000000,0b10100010,0xAA
0b00110000001000001,0b10111000,0xAA
0b00110000001000010,0b10001010,0xAA
0b00110000001011010,0b10001010,0xAA
0b00110000001101010,0b10000010,0xAA
0b00110000010110010,0b11001010,0xAA
0b00110000010111010,0b10000010,0xAA
0b00110000100010010,0b10000010,0xAA
0b00110000100100010,0b10000010,0xAA
0b00110000100111010,0b10000010,0xAA
0b00110000101000100,0b10101110,0xAA
0b00110000101000101,0b10101000,0xAA
0b00110000101001010,0b10000010,0xAA
0b00110000101111000,0b10100000,0xAA
0b00110000101111010,0b10000010,0xAA
0b00110000110100001,0b00101000,0xAA
0b00110000110100010,0b10001010,0xAA
0b00110000111001010,0b10000010,0xAA
0b00110000111100010,0b10000010,0xAA
0b00110001000010001,0b00101000,0xAA
0b00110001000010010,0b10001010,0xAA
0b00110001000110000,0b10100000,0xAA
0b00110001000110010,0b10000010,0xAA
0b00110001001110010,0b10000010,0xAA
0b00110001011000010,0b10000010,0xAA
0b00110001011100001,0b00101000,0xAA
0b00110001011100010,0b10001010,0xAA
0b00110001101000111,0b10101000,0xAA
0b00110001101010001,0b00101000,0xAA
0b00110001101010010,0b10001010,0xAA
0b00110001110000010,0b10000010,0xAA
0b00110001110110010,0b10000010,0xAA
0b00110001110111010,0b10000010,0xAA
0b00110001111000100,0b10001010,0xAA
0b00110001111101010,0b10000010,0xAA
0b00110010000000010,0b10000010,0xAA
0b00110010000110010,0b10001010,0xAA
0b00110010010100010,0b10000010,0xAA
0b00110010010101010,0b10000010,0xAA
0b00110010100010001,0b00101000,0xAA
0b00110010100010010,0b10001010,0xAA
0b00110010100101010,0b10000010,0xAA
0b00110010100110010,0b10000010,0xAA
0b00110010101010010,0b10000010,0xAA
0b00110010110101001,0b10101000,0xAA
0b00110010110101010,0b10001000,0xAA
0b00110010111000010,0b10000010,0xAA
0b00110011000010010,0b10000010,0xAA
0b00110011010110010,0b10000010,0xAA
0b00110011100000001,0b00101000,0xAA
0b00110011100000010,0b10001010,0xAA
0b00110011100011010,0b10000010,0xAA
0b00110011110001010,0b10000010,0xAA
0b00110011110011010,0b10000010,0xAA
0b00110011110011101,0b10001010,0xAA
0b00110011110011110,0b10001010,0xAA
0b00110011110101010,0b10000010,0xAA
0b00110100000010111,0b10100010,0xAA
0b00110100000110101,0b10001010,0xAA
0b00110100000110111,0b10100010,0xAA
0b00110100010000101,0b10001010,0xAA
0b00110100010000111,0b10100010,0xAA
0b00110100011111001,0b10001000,0xAA
0b00110100011111010,0b00101010,0xAA
0b00110100110101101,0b10001010,0xAA
0b00110100110101111,0b10100010,0xAA
0b00110101001010101,0b10000010,0xAA
0b00110101001010111,0b10100010,0xAA
0b00110101001110001,0b10001000,0xAA
0b00110101001110010,0b00101010,0xAA
0b00110101001110101,0b10100110,0xAA
0b00110101001110111,0b10101011,0xAA
0b00110101001111111,0b10100010,0xAA
0b00110101010000101,0b10000010,0xAA
0b00110101010000111,0b10100010,0xAA
0b00110101010100101,0b10001010,0xAA
0b00110101010100110,0b10100010,0xAA
0b00110101010100111,0b10100010,0xAA
0b00110101010110101,0b10001010,0xAA
0b00110101010110111,0b10100010,0xAA
0b00110101011000101,0b10001010,0xAA
0b00110101011000111,0b10100010,0xAA
0b00110101100101111,0b10100010,0xAA
0b00110101101011101,0b10001010,0xAA
0b00110101101011111,0b10100010,0xAA
0b00110101101100000,0b10001010,0xAA
0b00110101101100001,0b10001010,0xAA
0b00110101101100010,0b10100010,0xAA
0b00110101101101000,0b10101110,0xAA
0b00110101101101001,0b00001010,0xAA
0b00110101110000010,0b00101010,0xAA
0b00110101111000101,0b10001010,0xAA
0b00110101111000111,0b10100010,0xAA
0b00110101111001001,0b10001000,0xAA
0b00110101111001010,0b00101010,0xAA
0b00110101111010101,0b10001010,0xAA
0b00110101111010111,0b10100010,0xAA
0b00110110000111001,0b10001000,0xAA
0b00110110000111010,0b00101010,0xAA
0b00110110011101101,0b10001010,0xAA
0b00110110011101111,0b10100010,0xAA
0b00110110100110010,0b00101010,0xAA
0b00110110101100001,0b10001010,0xAA
0b00110110101100010,0b10101000,0xAA
0b00110110101111001,0b10001000,0xAA
0b00110110101111010,0b00101010,0xAA
0b00110111001100000,0b00101010,0xAA
0b00110111001100001,0b10001010,0xAA
0b00110111001100011,0b10101000,0xAA
0b00110111010011000,0b00101010,0xAA
0b00110111010011001,0b10001010,0xAA
0b00110111010011011,0b10101000,0xAA
0b00110111010100100,0b10001010,0xAA
0b00110111010100101,0b10001010,0xAA
0b00110111010100110,0b10100010,0xAA
0b00110111011100000,0b10101110,0xAA
0b00110111011100001,0b00001010,0xAA
0b00110111011110101,0b10000010,0xAA
0b00110111100000101,0b10000010,0xAA
0b00110111110001110,0b10100010,0xAA
0b00110111110001111,0b10100010,0xAA
0b00110111110111101,0b10001010,0xAA
0b00110111110111111,0b10100010,0xAA
0b00111000001000100,0b10001010,0xAA
0b00111000001000101,0b10001010,0xAA
0b00111000001000110,0b10100010,0xAA
0b00111000010010110,0b00100010,0xAA
0b00111001001110000,0b10001010,0xAA
0b00111001001110011,0b10100010,0xAA
0b00111001010010101,0b10101000,0xAA
0b00111001010010110,0b10100000,0xAA
0b00111001101011100,0b10001010,0xAA
0b00111001101011101,0b10100010,0xAA
0b00111001101011110,0b10100010,0xAA
0b00111010010010100,0b10001010,0xAA
0b00111010010010101,0b10001010,0xAA
0b00111010010010110,0b10100010,0xAA
0b00111010010100000,0b10001010,0xAA
0b00111010010100001,0b10101000,0xAA
0b00111010101000000,0b10001010,0xAA
0b00111010101000001,0b10001010,0xAA
0b00111010101000010,0b10100010,0xAA
0b00111010101000100,0b00101010,0xAA
0b00111010101000101,0b00101010,0xAA
0b00111010101000110,0b10100010,0xAA
0b00111011010000100,0b10001010,0xAA
0b00111011101000100,0b10001010,0xAA
0b00111011101000101,0b10001010,0xAA
0b00111011101000110,0b10100010,0xAA
0b00111100000010101,0b10001010,0xAA
0b00111100000010110,0b10100010,0xAA
0b00111100000110101,0b10001010,0xAA
0b00111100000110110,0b10100010,0xAA
0b00111100001000100,0b10001010,0xAA
0b00111100001000101,0b10001010,0xAA
0b00111100001000110,0b10100010,0xAA
0b00111100001100101,0b10000010,0xAA
0b00111100010110100,0b10111010,0xAA
0b00111100010110110,0b10100010,0xAA
0b00111100011010100,0b10001010,0xAA
0b00111100011010101,0b10001010,0xAA
0b00111100011010110,0b10100010,0xAA
0b00111100100001101,0b00001010,0xAA
0b00111100100001111,0b00101010,0xAA
0b00111100100010101,0b10001010,0xAA
0b00111100100010110,0b10100010,0xAA
0b00111100100010111,0b00101010,0xAA
0b00111101010011101,0b10001010,0xAA
0b00111101011011100,0b10001010,0xAA
0b00111101011011101,0b10001010,0xAA
0b00111101011011110,0b10100010,0xAA
0b00111101101000101,0b10001010,0xAA
0b00111101101000110,0b10100010,0xAA
0b00111101101000111,0b00101010,0xAA
0b00111101101011100,0b10001010,0xAA
0b00111101101011101,0b10001010,0xAA
0b00111101101011110,0b10100010,0xAA
0b00111101110100110,0b10100010,0xAA
0b00111101111011101,0b10001010,0xAA
0b00111101111011111,0b10101110,0xAA
0b00111110000110101,0b10001010,0xAA
0b00111110000110110,0b10100010,0xAA
0b00111110010001101,0b10001010,0xAA
0b00111110010010110,0b10100010,0xAA
0b00111110010010111,0b00101010,0xAA
0b00111110011001101,0b10001010,0xAA
0b00111110011110110,0b10100010,0xAA
0b00111110100010010,0b10000010,0xAA
0b00111110100010101,0b10001010,0xAA
0b00111110100010111,0b00101010,0xAA
0b00111110100101101,0b10001010,0xAA
0b00111110100101111,0b10101110,0xAA
0b00111110110000101,0b10001010,0xAA
0b00111110110000111,0b00101010,0xAA
0b00111111001111101,0b10001010,0xAA
0b00111111010000101,0b10000010,0xAA
0b00111111010000110,0b10000010,0xAA
0b00111111011010100,0b10001010,0xAA
0b00111111011010101,0b10001010,0xAA
0b00111111011010110,0b10100010,0xAA
0b00111111011011100,0b10001010,0xAA
0b00111111011011101,0b10001010,0xAA
0b00111111011011110,0b10100010,0xAA
0b00111111101110101,0b10001010,0xAA
0b00111111101110110,0b10100010,0xAA
0b00111111110101101,0b10001010,0xAA
0b00111111110101110,0b10100010,0xAA
0b00111111110111100,0b10001010,0xAA
0b00111111110111101,0b10001010,0xAA
0b00111111110111110,0b10100010,0xAA
0b00111111111001101,0b10001010,0xAA
0b00111111111001111,0b00101010,0xAA
0b01000000000101001,0b10010010,0xAA
0b01000000000101011,0b10001010,0xAA
0b01000000011001011,0b10001010,0xAA
0b01000000110111001,0b10001010,0xAA
0b01000000110111011,0b10001010,0xAA
0b01000000110111100,0b00101010,0xAA
0b01000000110111110,0b10100000,0xAA
0b01000000110111111,0b10100010,0xAA
0b01000001001001111,0b10100010,0xAA
0b01000001011000101,0b10100000,0xAA
0b01000001011000111,0b10101000,0xAA
0b01000001110011101,0b10100010,0xAA
0b01000001110011110,0b10100010,0xAA
0b01000001111001001,0b10000010,0xAA
0b01000010001011011,0b10001010,0xAA
0b01000010110100011,0b10001010,0xAA
0b01000011011010001,0b10001010,0xAA
0b01000011011010011,0b10001010,0xAA
0b01000011101001110,0b10100010,0xAA
0b01000011101001111,0b10100010,0xAA
0b01000011110010000,0b10001010,0xAA
0b01000011110010001,0b10001010,0xAA
0b01000011110010010,0b10100010,0xAA
0b01000100101000110,0b10000010,0xAA
0b01000101000111110,0b00101010,0xAA
0b01000101000111111,0b10101000,0xAA
0b01000101010001110,0b10000010,0xAA
0b01000101010010110,0b00101010,0xAA
0b01000101010010111,0b10101000,0xAA
0b01000101011110111,0b10100010,0xAA
0b01000101100000110,0b00101010,0xAA
0b01000101100000111,0b10101000,0xAA
0b01000101101001100,0b10101110,0xAA
0b01000101101001110,0b00001010,0xAA
0b01000101110010110,0b00001010,0xAA
0b01000101110011110,0b00101010,0xAA
0b01000101110011111,0b10101000,0xAA
0b01000110000110110,0b10000010,0xAA
0b01000110000111110,0b10001010,0xAA
0b01000110000111111,0b00101010,0xAA
0b01000110010100100,0b10100000,0xAA
0b01000110100101111,0b10101000,0xAA
0b01000110110101110,0b10000010,0xAA
0b01000110110111100,0b10100000,0xAA
0b01000110111111110,0b10000010,0xAA
0b01000111000011110,0b00101010,0xAA
0b01000111000011111,0b10100010,0xAA
0b01000111001001110,0b00101010,0xAA
0b01000111001001111,0b10101000,0xAA
0b01000111010000110,0b10000010,0xAA
0b01000111011000100,0b10101110,0xAA
0b01000111011000110,0b00001010,0xAA
0b01000111011001110,0b10000010,0xAA
0b01000111100111110,0b10000010,0xAA
0b01000111101011100,0b00101010,0xAA
0b01000111101011101,0b10100010,0xAA
0b01000111101011110,0b00101010,0xAA
0b01000111101101101,0b10000010,0xAA
0b01000111101110110,0b10000010,0xAA
0b01000111110111110,0b00001010,0xAA
0b01001000010000010,0b00101010,0xAA
0b01001000010000011,0b10100010,0xAA
0b01001000011100100,0b10100010,0xAA
0b01001000011100101,0b10101110,0xAA
0b01001000100100001,0b10100010,0xAA
0b01001000100100011,0b10100010,0xAA
0b01001000101111100,0b10001010,0xAA
0b01001000111011100,0b10001010,0xAA
0b01001001010010100,0b10001010,0xAA
0b01001001010100101,0b10001010,0xAA
0b01001001010100110,0b10001010,0xAA
0b01001001100000100,0b10001010,0xAA
0b01001001100111100,0b10100010,0xAA
0b01001001100111101,0b10101110,0xAA
0b01001001110001100,0b10001010,0xAA
0b01001010111001100,0b10001010,0xAA
0b01001011000001100,0b10100010,0xAA
0b01001011000001101,0b10101110,0xAA
0b01001011001011100,0b10100000,0xAA
0b01001011100111100,0b10001010,0xAA
0b01001011101010011,0b10100000,0xAA
0b01001011110010010,0b00101010,0xAA
0b01001011110010011,0b10100010,0xAA
0b01001011111000100,0b10100010,0xAA
0b01001011111000101,0b10101011,0xAA
0b01001101110001100,0b00101010,0xAA
0b01010001010010100,0b10001010,0xAA
0b01010001101001101,0b00101010,0xAA
0b01010001101001111,0b10101000,0xAA
0b01010011100010101,0b00101010,0xAA
0b01010011100010111,0b10001010,0xAA
0b01010011100101100,0b10001010,0xAA
0b01010011110101100,0b10001010,0xAA
0b01010011110101111,0b10001010,0xAA
0b01010011111001101,0b00101010,0xAA
0b01010100101101110,0b10100010,0xAA
0b01010100110111101,0b10100010,0xAA
0b01010100110111110,0b10100010,0xAA
0b01010110111011100,0b10001010,0xAA
0b01010110111011101,0b00101010,0xAA
0b01010110111011111,0b10101000,0xAA
0b01010111001111101,0b00100010,0xAA
0b01010111100010100,0b10001010,0xAA
0b01010111100010101,0b00101010,0xAA
0b01010111100010111,0b10101000,0xAA
0b01011000001111100,0b10001010,0xAA
0b01011000010000100,0b10100010,0xAA
0b01011000010000111,0b11101010,0xAA
0b01011000010100100,0b10100000,0xAA
0b01011000011100101,0b10001010,0xAA
0b01011000011100110,0b10100010,0xAA
0b01011000100010100,0b10100010,0xAA
0b01011000100010101,0b10101110,0xAA
0b01011000101011100,0b10101000,0xAA
0b01011000101011110,0b00101110,0xAA
0b01011000110011101,0b00101010,0xAA
0b01011000110011110,0b10101000,0xAA
0b01011000110101100,0b10100010,0xAA
0b01011000111010100,0b10100010,0xAA
0b01011000111010101,0b00101010,0xAA
0b01011000111010110,0b10101110,0xAA
0b01011001001101100,0b10100000,0xAA
0b01011001010010101,0b10000010,0xAA
0b01011001110011100,0b10100010,0xAA
0b01011001110011101,0b10101110,0xAA
0b01011001111000100,0b10100000,0xAA
0b01011001111010100,0b10101110,0xAA
0b01011001111010101,0b10101000,0xAA
0b01011001111100100,0b10100010,0xAA
0b01011001111100110,0b10100010,0xAA
0b01011001111100111,0b10101011,0xAA
0b01011010010000101,0b10000010,0xAA
0b01011010011101111,0b10100010,0xAA
0b01011010101101100,0b10100010,0xAA
0b01011010101101111,0b11100010,0xAA
0b01011010110011100,0b10000000,0xAA
0b01011010111101100,0b10001010,0xAA
0b01011011000001111,0b10100010,0xAA
0b01011011000010100,0b10100010,0xAA
0b01011011000010101,0b10101110,0xAA
0b01011011011001110,0b10000010,0xAA
0b01011011100010100,0b10100010,0xAA
0b01011011100010110,0b00111010,0xAA
0b01011011100101100,0b10100010,0xAA
0b01011011100101101,0b10101011,0xAA
0b01011011101101101,0b10000010,0xAA
0b01011011110010000,0b10001000,0xAA
0b01011011110010001,0b10101110,0xAA
0b01011011111100100,0b10001010,0xAA
0b01011100011001010,0b10101000,0xAA
0b01011100011001011,0b10101000,0xAA
0b01100000000100100,0b10001010,0xAA
0b01100000110110000,0b10001010,0xAA
0b01100000111001100,0b00101010,0xAA
0b01100000111001111,0b10001010,0xAA
0b01100010000100111,0b10101000,0xAA
0b01100010011110100,0b10101110,0xAA
0b01100010011110110,0b10100010,0xAA
0b01100010011110111,0b10101000,0xAA
0b01100010101110111,0b10001010,0xAA
0b01100011000001100,0b00001110,0xAA
0b01100011101010011,0b10100010,0xAA
0b01100100011100010,0b10100010,0xAA
0b01100100011100011,0b10100010,0xAA
0b01100100100101110,0b00101010,0xAA
0b01100100100101111,0b10101000,0xAA
0b01100100110111110,0b00101010,0xAA
0b01100100110111111,0b10101000,0xAA
0b01100101001101111,0b10100010,0xAA
0b01100101100111110,0b00101010,0xAA
0b01100101100111111,0b10101000,0xAA
0b01100110101010110,0b00101010,0xAA
0b01100110101010111,0b10101000,0xAA
0b01100111011000111,0b10100010,0xAA
0b01100111100101111,0b10100010,0xAA
0b01100111101101110,0b00101010,0xAA
0b01100111101101111,0b10101000,0xAA
0b01101000010000100,0b00101010,0xAA
0b01101000110111000,0b10001010,0xAA
0b01101000110111101,0b00101010,0xAA
0b01101000110111110,0b00101010,0xAA
0b01101001010010101,0b10100010,0xAA
0b01101001010010110,0b00101010,0xAA
0b01101001010010111,0b10000010,0xAA
0b01101001110011111,0b00001010,0xAA
0b01101001111101101,0b10100010,0xAA
0b01101001111101110,0b10100010,0xAA
0b01101010000111100,0b00101010,0xAA
0b01101010000111101,0b10100010,0xAA
0b01101010000111110,0b00101010,0xAA
0b01101010001011111,0b10001010,0xAA
0b01101010010110001,0b10100010,0xAA
0b01101010010110010,0b10001010,0xAA
0b01101010111011001,0b10100010,0xAA
0b01101010111011010,0b10001010,0xAA
0b01101010111101110,0b00101010,0xAA
0b01101010111101111,0b10001010,0xAA
0b01101011001000110,0b00101010,0xAA
0b01101011001000111,0b10001010,0xAA
0b01101011101010000,0b10001010,0xAA
0b01101011101111010,0b10001010,0xAA
0b01101011110000000,0b10110010,0xAA
0b01101011110000001,0b10101000,0xAA
0b01101011110010001,0b10100010,0xAA
0b01101011110010010,0b11101010,0xAA
0b01101011110101101,0b10100010,0xAA
0b01101011110101110,0b10100010,0xAA
0b01101100000001110,0b10000010,0xAA
0b01101100000100110,0b00101010,0xAA
0b01101100000100111,0b10101000,0xAA
0b01101100011100111,0b10100010,0xAA
0b01101101100111111,0b10100010,0xAA
0b01101110000110111,0b10100010,0xAA
0b01101110010100110,0b00101010,0xAA
0b01101110010100111,0b10101000,0xAA
0b01101110010110111,0b10100010,0xAA
0b01101111111000101,0b10000010,0xAA
0b01110000010000001,0b10001010,0xAA
0b01110000010000010,0b10001010,0xAA
0b01110011000001110,0b00101010,0xAA
0b01110011010010001,0b10001010,0xAA
0b01110011010010010,0b10001010,0xAA
0b01110011010100101,0b10101000,0xAA
0b01110011010100111,0b10001010,0xAA
0b01110011010110010,0b10101000,0xAA
0b01110011010110011,0b10101000,0xAA
0b01110100000110111,0b00001010,0xAA
0b01110100010101001,0b10001010,0xAA
0b01110100010101011,0b10100010,0xAA
0b01110100010111001,0b10001010,0xAA
0b01110100010111011,0b10100010,0xAA
0b01110100101000011,0b10100010,0xAA
0b01110100101111001,0b10001010,0xAA
0b01110100101111011,0b10100010,0xAA
0b01110100111001011,0b10100010,0xAA
0b01110101010010111,0b00001010,0xAA
0b01110101011010001,0b10001010,0xAA
0b01110101011010011,0b10100010,0xAA
0b01110101100100011,0b10100010,0xAA
0b01110101110001110,0b10001010,0xAA
0b01110101110001111,0b00101010,0xAA
0b01110101111001001,0b10001010,0xAA
0b01110101111001011,0b10100010,0xAA
0b01110110011001001,0b10001010,0xAA
0b01110110011001011,0b10100010,0xAA
0b01110110100000111,0b00001010,0xAA
0b01110110110100001,0b10001010,0xAA
0b01110110110100011,0b10100010,0xAA
0b01110110111101001,0b10001010,0xAA
0b01110110111101011,0b10100010,0xAA
0b01110110111101111,0b00001010,0xAA
0b01110111000110001,0b10000010,0xAA
0b01110111000110011,0b10100010,0xAA
0b01110111011100001,0b10001010,0xAA
0b01110111011100011,0b10100010,0xAA
0b01111000010011101,0b10100010,0xAA
0b01111000010011110,0b10100010,0xAA
0b01111100110110011,0b10100010,0xAA
0b01111100110111011,0b00101010,0xAA
0b01111101011011001,0b10001010,0xAA
0b01111110000011011,0b00101110,0xAA
0b01111110110100011,0b10100010,0xAA
0b10000000101111110,0b10000010,0xAA
0b10000000111100110,0b10001010,0xAA
0b10000000111100111,0b10001010,0xAA
0b10000000111110100,0b00101010,0xAA
0b10000000111110110,0b10001000,0xAA
0b10000001101010110,0b10100010,0xAA
0b10000001101010111,0b10111010,0xAA
0b10000001101110100,0b00101010,0xAA
0b10000001101110110,0b10001000,0xAA
0b10000010000110110,0b10100010,0xAA
0b10000010000110111,0b10101110,0xAA
0b10000011100111110,0b10100010,0xAA
0b10000011100111111,0b00101010,0xAA
0b10000100011101010,0b00101010,0xAA
0b10000100011101011,0b10101000,0xAA
0b10000100110110010,0b00101010,0xAA
0b10000100110110011,0b10101000,0xAA
0b10000110101100000,0b10100010,0xAA
0b10000110101100010,0b00111010,0xAA
0b10001000011100101,0b10100010,0xAA
0b10001000011100111,0b10101110,0xAA
0b10001000100000101,0b10000010,0xAA
0b10001000100001101,0b10000010,0xAA
0b10001000101110000,0b10100010,0xAA
0b10001000101110001,0b10101110,0xAA
0b10001000101111101,0b10000010,0xAA
0b10001000111001101,0b10000010,0xAA
0b10001000111010100,0b10101011,0xAA
0b10001000111010101,0b10100010,0xAA
0b10001000111110101,0b10000010,0xAA
0b10001001000100000,0b10100010,0xAA
0b10001001000100001,0b10101110,0xAA
0b10001001001110110,0b10001010,0xAA
0b10001001011111100,0b10101110,0xAA
0b10001001011111101,0b10100010,0xAA
0b10001001011111110,0b10101000,0xAA
0b10001001101000000,0b10100010,0xAA
0b10001001101000001,0b10101110,0xAA
0b10001001110000000,0b10100010,0xAA
0b10001001110000001,0b10101110,0xAA
0b10001001111001110,0b10100000,0xAA
0b10001001111001111,0b10101000,0xAA
0b10001001111010101,0b10000010,0xAA
0b10001010000000000,0b10100010,0xAA
0b10001010000000001,0b10101110,0xAA
0b10001010000110101,0b10000010,0xAA
0b10001010001100101,0b10000010,0xAA
0b10001010011001001,0b10101110,0xAA
0b10001010100011101,0b10000010,0xAA
0b10001010100101101,0b10000010,0xAA
0b10001010101100000,0b10100010,0xAA
0b10001010101100001,0b10101110,0xAA
0b10001010101100101,0b10000010,0xAA
0b10001010110100000,0b10100010,0xAA
0b10001010110100001,0b10101110,0xAA
0b10001010110101000,0b10100010,0xAA
0b10001010110101001,0b10101110,0xAA
0b10001010111000101,0b10000010,0xAA
0b10001010111010000,0b10100010,0xAA
0b10001010111010001,0b10101110,0xAA
0b10001011000101101,0b10000010,0xAA
0b10001011001000101,0b00101000,0xAA
0b10001011001000110,0b10100010,0xAA
0b10001011010101001,0b10101110,0xAA
0b10001011011111000,0b10100010,0xAA
0b10001011011111001,0b10101110,0xAA
0b10001011100010101,0b10000010,0xAA
0b10001011100011100,0b10101110,0xAA
0b10001011100011101,0b10100010,0xAA
0b10001011100011110,0b10101000,0xAA
0b10001011100100101,0b10000010,0xAA
0b10001011100111011,0b00101010,0xAA
0b10001011101011000,0b10100010,0xAA
0b10001011101011010,0b10101100,0xAA
0b10001011110001111,0b10100010,0xAA
0b10001011111000100,0b10101110,0xAA
0b10001011111000101,0b10100010,0xAA
0b10001011111000110,0b10101000,0xAA
0b10001011111100101,0b10000010,0xAA
0b10001011111111101,0b10000010,0xAA
0b10010000001010111,0b10001010,0xAA
0b10010000101000100,0b10101000,0xAA
0b10010000101000111,0b11101010,0xAA
0b10010000101110100,0b10101000,0xAA
0b10010000101110111,0b11101010,0xAA
0b10010000111110100,0b10101000,0xAA
0b10010000111110111,0b10100010,0xAA
0b10010001001110101,0b10100010,0xAA
0b10010001001110111,0b10100010,0xAA
0b10010001010000100,0b10101000,0xAA
0b10010001010000111,0b10100010,0xAA
0b10010001011110100,0b10101000,0xAA
0b10010001011110111,0b11101010,0xAA
0b10010010000110000,0b10000010,0xAA
0b10010010000110001,0b10101011,0xAA
0b10010010000110100,0b10101000,0xAA
0b10010010000110111,0b10001010,0xAA
0b10010010100110100,0b10101000,0xAA
0b10010010100110111,0b11101010,0xAA
0b10010010110000111,0b10100010,0xAA
0b10010011111000111,0b10100010,0xAA
0b10010100101111100,0b10001010,0xAA
0b10010110101100100,0b10101000,0xAA
0b10010110101100101,0b10101011,0xAA
0b10011000101111111,0b10100010,0xAA
0b10011000110000110,0b00101000,0xAA
0b10011001000010001,0b10101110,0xAA
0b10011001001110100,0b10001010,0xAA
0b10011001010101100,0b10001010,0xAA
0b10011001010101111,0b10100010,0xAA
0b10011001010110011,0b10100010,0xAA
0b10011001100100000,0b10100010,0xAA
0b10011001100100010,0b00111010,0xAA
0b10011001101110110,0b00101110,0xAA
0b10011001111101010,0b00111010,0xAA
0b10011010000110010,0b00101110,0xAA
0b10011011001101001,0b10100010,0xAA
0b10011011001101010,0b10100010,0xAA
0b10011011011101101,0b10101110,0xAA
0b10011011100011001,0b00101010,0xAA
0b10011011100011010,0b00101010,0xAA
0b10011011110110010,0b10000010,0xAA
0b10011100001010110,0b00101000,0xAA
0b10011100001101110,0b00101010,0xAA
0b10011100001101111,0b10001010,0xAA
0b10011100010011111,0b10001010,0xAA
0b10011101001110111,0b10001010,0xAA
0b10011101010000100,0b10001010,0xAA
0b10011101010000111,0b10001010,0xAA
0b10011110100000110,0b00101000,0xAA
0b10011110110100100,0b10001010,0xAA
0b10011110110100111,0b10001010,0xAA
0b10011111001001110,0b00101010,0xAA
0b10011111001001111,0b10001010,0xAA
0b10011111011010100,0b10001010,0xAA
0b10011111011010111,0b10100010,0xAA
0b10011111110100100,0b10001010,0xAA
0b10011111110100110,0b00101010,0xAA
0b10011111110100111,0b10001010,0xAA
0b10100000001000111,0b10100010,0xAA
0b10100001111001101,0b10101000,0xAA
0b10100001111001111,0b10100010,0xAA
0b10100010101100100,0b10101000,0xAA
0b10100010101100110,0b10111010,0xAA
0b10100010101100111,0b10101000,0xAA
0b10100010111100011,0b10001010,0xAA
0b10100011011011000,0b00101010,0xAA
0b10100011011011011,0b10001010,0xAA
0b10101000011100001,0b00101010,0xAA
0b10101000011100011,0b10001010,0xAA
0b10101000101110010,0b00101010,0xAA
0b10101000101110011,0b10001010,0xAA
0b10101000101110101,0b00101010,0xAA
0b10101000101111100,0b10101110,0xAA
0b10101000101111110,0b00001010,0xAA
0b10101000110010110,0b00101010,0xAA
0b10101000110110110,0b00101010,0xAA
0b10101000111000001,0b11001010,0xAA
0b10101000111000011,0b10001010,0xAA
0b10101000111000110,0b00101010,0xAA
0b10101000111010100,0b00101010,0xAA
0b10101000111110110,0b00101010,0xAA
0b10101001001010110,0b00101010,0xAA
0b10101001100010110,0b00101010,0xAA
0b10101001100010111,0b10101000,0xAA
0b10101001100011100,0b00101010,0xAA
0b10101001100011101,0b00101010,0xAA
0b10101001100011110,0b10100010,0xAA
0b10101001101010110,0b00101010,0xAA
0b10101001101010111,0b10100000,0xAA
0b10101001101100101,0b00101010,0xAA
0b10101001101100110,0b10001010,0xAA
0b10101001101100111,0b10100010,0xAA
0b10101001101101010,0b00101010,0xAA
0b10101001101111101,0b00101010,0xAA
0b10101001101111110,0b00101010,0xAA
0b10101001111001110,0b00101010,0xAA
0b10101001111010110,0b10001010,0xAA
0b10101010000110110,0b10001010,0xAA
0b10101010011001011,0b10001010,0xAA
0b10101010100010001,0b00101010,0xAA
0b10101010100010010,0b00101010,0xAA
0b10101010100011100,0b00101010,0xAA
0b10101010100011110,0b00101010,0xAA
0b10101011011000111,0b10100010,0xAA
0b10101011100011101,0b00101010,0xAA
0b10101011101000101,0b00101000,0xAA
0b10101011101000110,0b10001010,0xAA
0b10101011101110100,0b00101010,0xAA
0b10101011101110101,0b00101010,0xAA
0b10101011101110110,0b10100010,0xAA
0b10101011111010100,0b00101010,0xAA
0b10101100001010001,0b10000010,0xAA
0b10101100001110011,0b10100010,0xAA
0b10101100100100001,0b10000010,0xAA
0b10101100101100011,0b00001010,0xAA
0b10101100101111011,0b10100010,0xAA
0b10101100111111001,0b10000010,0xAA
0b10101101000001011,0b10100010,0xAA
0b10101101001110100,0b10101000,0xAA
0b10101101001110101,0b00111010,0xAA
0b10101101010111001,0b10000010,0xAA
0b10101101011110100,0b00101010,0xAA
0b10101101011110110,0b10100000,0xAA
0b10101101100001011,0b10100010,0xAA
0b10101111001000100,0b00101010,0xAA
0b10101111001000110,0b10001000,0xAA
0b10101111011100011,0b10100010,0xAA
0b10101111100110011,0b10100010,0xAA
0b10101111111010100,0b00101010,0xAA
0b10101111111010110,0b10001000,0xAA
0b10101111111101010,0b00101010,0xAA
0b10101111111101011,0b10101000,0xAA
0b10110000101111011,0b00101010,0xAA
0b10110000111000110,0b10001010,0xAA
0b10110000111000111,0b10001010,0xAA
0b10110000111110011,0b11101010,0xAA
0b10110001101100100,0b10101000,0xAA
0b10110001101100101,0b10100010,0xAA
0b10110001101100111,0b10001010,0xAA
0b10110100101111010,0b10101000,0xAA
0b10110100110000111,0b10001010,0xAA
0b10110101001110111,0b00001010,0xAA
0b10110101010111100,0b00101010,0xAA
0b10110101010111111,0b00101010,0xAA
0b10110101011110111,0b00001010,0xAA
0b10110101110010111,0b10001010,0xAA
0b10110110101100100,0b00101010,0xAA
0b10110110101100111,0b10001010,0xAA
0b10110111010011100,0b00101010,0xAA
0b10110111010011111,0b10001010,0xAA
0b10110111100100111,0b10001010,0xAA
0b10110111110100111,0b00101010,0xAA
0b10111010010000010,0b10101000,0xAA
0b10111010010000011,0b10101000,0xAA
0b10111010101100110,0b10101000,0xAA
0b10111010101100111,0b10101000,0xAA
0b10111010111010001,0b10100010,0xAA
0b10111010111010010,0b10100010,0xAA
0b10111101011000100,0b00101010,0xAA
0b10111101011000111,0b10001010,0xAA
0b11000000001011111,0b10100010,0xAA
0b11000000011001001,0b00101010,0xAA
0b11000000011001010,0b10100010,0xAA
0b11000000101101100,0b00101010,0xAA
0b11000000101101111,0b10100010,0xAA
0b11000000101111111,0b10100010,0xAA
0b11000000110000100,0b00101010,0xAA
0b11000000110100111,0b10100010,0xAA
0b11000000110101110,0b00101010,0xAA
0b11000000110101111,0b10001010,0xAA
0b11000000110111100,0b00101010,0xAA
0b11000000110111111,0b10100010,0xAA
0b11000001000001111,0b10100010,0xAA
0b11000001000110111,0b10100010,0xAA
0b11000001001011100,0b00101010,0xAA
0b11000001001011111,0b10100010,0xAA
0b11000001010100111,0b10100010,0xAA
0b11000001011000101,0b10001010,0xAA
0b11000001011000111,0b10101110,0xAA
0b11000001101001010,0b10100010,0xAA
0b11000001101001100,0b00101010,0xAA
0b11000001101001101,0b10001010,0xAA
0b11000001101001110,0b00101010,0xAA
0b11000001101001111,0b10100010,0xAA
0b11000001110000111,0b10100010,0xAA
0b11000001110011100,0b00101010,0xAA
0b11000001110011111,0b10100010,0xAA
0b11000010000011110,0b00101010,0xAA
0b11000010000011111,0b10001010,0xAA
0b11000010001000101,0b00101010,0xAA
0b11000010001000110,0b00101010,0xAA
0b11000010010000100,0b00101010,0xAA
0b11000010010000110,0b00101010,0xAA
0b11000010010000111,0b10100010,0xAA
0b11000010100111100,0b00101010,0xAA
0b11000010100111111,0b10100010,0xAA
0b11000010101000111,0b10100010,0xAA
0b11000010101001110,0b00101010,0xAA
0b11000010101001111,0b10101110,0xAA
0b11000010110100100,0b00101010,0xAA
0b11000010111101100,0b00101010,0xAA
0b11000010111101111,0b10001010,0xAA
0b11000011001010100,0b00101010,0xAA
0b11000011010000110,0b00101010,0xAA
0b11000011010000111,0b10100010,0xAA
0b11000011011000010,0b10000010,0xAA
0b11000011011001100,0b00101010,0xAA
0b11000011011100101,0b10001010,0xAA
0b11000011011100111,0b10100010,0xAA
0b11000011100111111,0b10100010,0xAA
0b11000011101111110,0b00101010,0xAA
0b11000011101111111,0b10100010,0xAA
0b11000011110100101,0b10001000,0xAA
0b11000011110100110,0b00101010,0xAA
0b11000011110101111,0b10100010,0xAA
0b11000011111000111,0b10100010,0xAA
0b11000100011101110,0b10001010,0xAA
0b11000100011101111,0b10001010,0xAA
0b11000100101011111,0b00001010,0xAA
0b11000100101111101,0b10001010,0xAA
0b11000100101111111,0b10001010,0xAA
0b11000100111111101,0b10001010,0xAA
0b11000100111111110,0b10001010,0xAA
0b11000101000001110,0b10001010,0xAA
0b11000101000001111,0b10001010,0xAA
0b11000101001001101,0b10001010,0xAA
0b11000101001001110,0b10001010,0xAA
0b11000101100110111,0b10001000,0xAA
0b11000101100111101,0b10001010,0xAA
0b11000101100111111,0b10001010,0xAA
0b11000110000000101,0b10001010,0xAA
0b11000110000000111,0b10001010,0xAA
0b11000110000011110,0b10001010,0xAA
0b11000110000011111,0b10001010,0xAA
0b11000110010011110,0b10001010,0xAA
0b11000110010011111,0b10001010,0xAA
0b11000110010110110,0b10001010,0xAA
0b11000110010110111,0b10001010,0xAA
0b11000110011100110,0b10001010,0xAA
0b11000110011100111,0b10001010,0xAA
0b11000110110100101,0b10001010,0xAA
0b11000110110100110,0b10001010,0xAA
0b11000111010010110,0b10001010,0xAA
0b11000111010010111,0b10001010,0xAA
0b11000111010100101,0b10001010,0xAA
0b11000111010100110,0b10001010,0xAA
0b11000111110000111,0b10001010,0xAA
0b11000111110100111,0b10001010,0xAA
0b11001000000001001,0b10000010,0xAA
0b11001000101011010,0b10001010,0xAA
0b11001001000010000,0b10001010,0xAA
0b11001001000010001,0b10100010,0xAA
0b11001001000010010,0b10001010,0xAA
0b11001001001001001,0b10000010,0xAA
0b11001001010000011,0b00001010,0xAA
0b11001001010101001,0b10000010,0xAA
0b11001001011110001,0b10100010,0xAA
0b11001001011110010,0b10100010,0xAA
0b11001010100001011,0b00101010,0xAA
0b11001010101001001,0b10100010,0xAA
0b11001010101001011,0b00101010,0xAA
0b11001011010010000,0b10001010,0xAA
0b11001011010010001,0b10100010,0xAA
0b11001011010010010,0b10001010,0xAA
0b11001011011000000,0b10001010,0xAA
0b11001011011000001,0b10100010,0xAA
0b11001011011000010,0b10100010,0xAA
0b11001011101110011,0b00101010,0xAA
0b11001100010111011,0b00101010,0xAA
0b11010000010111111,0b10100010,0xAA
0b11010001000101111,0b00001010,0xAA
0b11010001011001110,0b00101010,0xAA
0b11010001011001111,0b10101000,0xAA
0b11010001100011111,0b10100010,0xAA
0b11010010010100111,0b10100010,0xAA
0b11010011000110111,0b10100010,0xAA
0b11010011000111110,0b00101010,0xAA
0b11010011000111111,0b10101000,0xAA
0b11010011001110111,0b10100000,0xAA
0b11010011111010111,0b10100010,0xAA
0b11011000101000110,0b10001010,0xAA
0b11011000101000111,0b10101000,0xAA
0b11011001000001110,0b10101000,0xAA
0b11011001000001111,0b10101000,0xAA
0b11011001001011110,0b00001010,0xAA
0b11011010001000110,0b00101010,0xAA
0b11011010001000111,0b10101000,0xAA
0b11011010100110111,0b10101000,0xAA
0b11011010101101100,0b10000010,0xAA
0b11011010101101101,0b10101011,0xAA
0b11011010101110100,0b10101000,0xAA
0b11011010101110110,0b10111010,0xAA
0b11011010101110111,0b10101000,0xAA
0b11011011001101100,0b10001010,0xAA
0b11011011001101101,0b10100010,0xAA
0b11011011001101110,0b10001010,0xAA
0b11011011011000000,0b10101000,0xAA
0b11011011011000011,0b00100010,0xAA
0b11011011011100100,0b10101000,0xAA
0b11011011011100110,0b10111010,0xAA
0b11011011011100111,0b10101000,0xAA
0b11011011100011100,0b10101110,0xAA
0b11011011100011110,0b00001010,0xAA
0b11011011101001100,0b10001010,0xAA
0b11011011101001101,0b00101010,0xAA
0b11011011101001111,0b10101000,0xAA
0b11011011101010110,0b00101010,0xAA
0b11011011101010111,0b10101000,0xAA
0b11011011110111111,0b10101000,0xAA
0b11011101000001110,0b00101010,0xAA
0b11011101011000110,0b00101010,0xAA
0b11011101100001110,0b00101010,0xAA
0b11011101110010010,0b00101000,0xAA
0b11011101111001100,0b10100010,0xAA
0b11011101111001110,0b00111010,0xAA
0b11011110001110110,0b00101010,0xAA
0b11011110001110111,0b10001010,0xAA
0b11011110011001111,0b10100010,0xAA
0b11011110100110110,0b00101010,0xAA
0b11011111000001110,0b10100010,0xAA
0b11011111010001010,0b00101000,0xAA
0b11011111101010110,0b00101010,0xAA
0b11011111101010111,0b10001010,0xAA
0b11011111110000111,0b10100000,0xAA
0b11100001110010011,0b10100010,0xAA
0b11100011110101100,0b10101110,0xAA
0b11100011110101111,0b00101010,0xAA
0b11100100000110110,0b10000010,0xAA
0b11100100010111100,0b10001010,0xAA
0b11101000010111000,0b00101010,0xAA
0b11101000010111010,0b00101010,0xAA
0b11101000011101001,0b10101000,0xAA
0b11101000101011001,0b10001010,0xAA
0b11101000111111010,0b00101010,0xAA
0b11101000111111101,0b10101000,0xAA
0b11101001110001010,0b00101010,0xAA
0b11101001110101010,0b10001000,0xAA
0b11101001110111010,0b10101000,0xAA
0b11101001111111010,0b10101000,0xAA
0b11101010000011001,0b00100010,0xAA
0b11101010011010010,0b10100010,0xAA
0b11101010111011010,0b10001010,0xAA
0b11101010111011011,0b10100010,0xAA
0b11101011010001000,0b00101010,0xAA
0b11101011011010010,0b10101000,0xAA
0b11101011101011101,0b10101000,0xAA
0b11101100001010001,0b00101000,0xAA
0b11101100001010010,0b10100010,0xAA
0b11101110001000001,0b00101010,0xAA
0b11101110001000010,0b10101000,0xAA
0b11101111010010010,0b10100000,0xAA
0b11101111011000001,0b10000010,0xAA
0b11110100010111011,0b10001000,0xAA
0b11110100010111100,0b10101000,0xAA
0b11110100010111111,0b00111010,0xAA
0b11110101010110011,0b10001010,0xAA
0b11110101101010011,0b10001010,0xAA
0b11110101101011100,0b10101000,0xAA
0b11110101101011111,0b11101010,0xAA
0b11110101110010011,0b00001010,0xAA
0b11110101111111100,0b10100000,0xAA
0b11110110000110000,0b00101010,0xAA
0b11110110010100100,0b10100000,0xAA
0b11110110011011100,0b10100000,0xAA
0b11110110101101011,0b10001010,0xAA
0b11110110101101100,0b10101000,0xAA
0b11110110101101111,0b11101010,0xAA
0b11110110110100100,0b10101000,0xAA
0b11110110110100111,0b11101010,0xAA
0b11110110110110011,0b10001000,0xAA
0b11110111000101100,0b10100010,0xAA
0b11110111000110100,0b10101000,0xAA
0b11110111000110111,0b11101010,0xAA
0b11110111001011100,0b10100010,0xAA
0b11110111001011111,0b00101010,0xAA
0b11110111011100100,0b10101000,0xAA
0b11110111011100111,0b11101010,0xAA
0b11110111100100100,0b10101000,0xAA
0b11110111100100111,0b11101010,0xAA
0b11110111101101000,0b00101010,0xAA
0b11110111101101001,0b10101000,0xAA
0b11110111101101011,0b00001010,0xAA
0b11110111111101100,0b10101000,0xAA
0b11110111111101111,0b11101010,0xAA
0b11111000001010111,0b00101010,0xAA
0b11111000010111111,0b00001010,0xAA
0b11111000100001111,0b10100010,0xAA
0b11111000101100111,0b10100010,0xAA
0b11111000110100100,0b10101110,0xAA
0b11111000110100111,0b00100010,0xAA
0b11111000111001111,0b10100010,0xAA
0b11111000111101100,0b10101110,0xAA
0b11111000111101111,0b00101010,0xAA
0b11111001000001111,0b00001010,0xAA
0b11111001000100111,0b00100010,0xAA
0b11111001000101100,0b10100010,0xAA
0b11111001000101111,0b00101110,0xAA
0b11111001011000100,0b10101110,0xAA
0b11111001011000111,0b00101010,0xAA
0b11111001100001111,0b00001010,0xAA
0b11111001101110111,0b00001010,0xAA
0b11111001110000111,0b00100010,0xAA
0b11111001111100100,0b10100011,0xAA
0b11111001111100111,0b00101010,0xAA
0b11111001111111111,0b00101010,0xAA
0b11111010001000111,0b10100010,0xAA
0b11111010010000110,0b00101010,0xAA
0b11111010010000111,0b10101000,0xAA
0b11111010010100111,0b00001010,0xAA
0b11111010100100100,0b10101110,0xAA
0b11111010100100111,0b00101010,0xAA
0b11111010100110111,0b00001010,0xAA
0b11111010101000111,0b10100010,0xAA
0b11111010101001111,0b00001010,0xAA
0b11111010101101111,0b10100010,0xAA
0b11111010111010111,0b00001010,0xAA
0b11111010111101100,0b10101110,0xAA
0b11111010111101111,0b00101010,0xAA
0b11111010111111111,0b10100010,0xAA
0b11111011000110111,0b00001010,0xAA
0b11111011001100111,0b00101010,0xAA
0b11111011100110100,0b10100000,0xAA
0b11111011101001111,0b00001010,0xAA
0b11111011101111111,0b00001010,0xAA
0b11111011110000111,0b00101010,0xAA
0b11111011110101111,0b10100010,0xAA
0b11111101000010110,0b10101011,0xAA
0b11111101000010111,0b10101011,0xAA
0b11111101110010011,0b11101010,0xAA
0b11111101111100111,0b00101010,0xAA
0b11111110101101011,0b10100010,0xAA
0b11111110110100100,0b00101010,0xAA
0b11111110110100101,0b00101010,0xAA
0b11111110110100110,0b10100010,0xAA
0b100000001101011110,0b10100010,0xAA
0b100000010100110100,0b10101000,0xAA
0b100000010100110111,0b11101010,0xAA
0b100000011111100100,0b10101000,0xAA
0b100000011111100110,0b10100010,0xAA
0b100000011111100111,0b10111000,0xAA
0b100000100010100011,0b10001010,0xAA
0b100000100010101010,0b10001010,0xAA
0b100000101110100010,0b10001010,0xAA
0b100000101110100011,0b10001010,0xAA
0b100000101110101010,0b10001010,0xAA
0b100000101110101011,0b10001010,0xAA
0b100000101110110001,0b10001010,0xAA
0b100000101110110010,0b10001010,0xAA
0b100000110111101010,0b10001010,0xAA
0b100000110111101011,0b10001010,0xAA
0b100000111001111010,0b10001010,0xAA
0b100000111001111011,0b10001010,0xAA
0b100000111011110010,0b10001010,0xAA
0b100000111011111010,0b10001010,0xAA
0b100000111011111011,0b10001010,0xAA
0b100000111101010010,0b10001010,0xAA
0b100000111101010011,0b10001010,0xAA
0b100000111110000001,0b10001010,0xAA
0b100000111110000010,0b10001010,0xAA
0b100001000010101100,0b10101000,0xAA
0b100001000010101111,0b11101010,0xAA
0b100001010101111100,0b10101000,0xAA
0b100001010101111111,0b00111010,0xAA
0b100001100001010100,0b00101010,0xAA
0b100001100001010101,0b10101000,0xAA
0b100001100101110110,0b10101000,0xAA
0b100001100111110100,0b00101010,0xAA
0b100001100111110110,0b10100000,0xAA
0b100001101001110100,0b00101010,0xAA
0b100001101001110101,0b10101000,0xAA
0b100001101100100100,0b00101010,0xAA
0b100001101100100101,0b10101000,0xAA
0b100001111010000100,0b00101010,0xAA
0b100001111010000101,0b10101000,0xAA
0b100010000000100110,0b00101010,0xAA
0b100010000000100111,0b00101010,0xAA
0b100010000000111110,0b00101010,0xAA
0b100010000000111111,0b00101010,0xAA
0b100010000010010101,0b10001000,0xAA
0b100010000010010110,0b00101010,0xAA
0b100010000010101110,0b00101010,0xAA
0b100010000010101111,0b00101010,0xAA
0b100010000011000010,0b00101010,0xAA
0b100010000011000011,0b10101000,0xAA
0b100010000011000111,0b10101000,0xAA
0b100010000101001110,0b00101000,0xAA
0b100010000101111011,0b00001010,0xAA
0b100010000110001010,0b00101010,0xAA
0b100010000110001011,0b10101000,0xAA
0b100010000110100110,0b00101010,0xAA
0b100010000110100111,0b10101000,0xAA
0b100010000110101110,0b00101010,0xAA
0b100010000110101111,0b10101000,0xAA
0b100010000111011110,0b00101010,0xAA
0b100010000111011111,0b10101000,0xAA
0b100010000111110111,0b00001010,0xAA
0b100010001000000110,0b00101010,0xAA
0b100010001000000111,0b00101010,0xAA
0b100010001000111110,0b00101010,0xAA
0b100010001000111111,0b10101000,0xAA
0b100010001001100100,0b10001010,0xAA
0b100010001001100110,0b00101000,0xAA
0b100010001011100111,0b10101000,0xAA
0b100010001100100011,0b10100010,0xAA
0b100010001101010111,0b00101010,0xAA
0b100010001101110110,0b00101010,0xAA
0b100010001101110111,0b00101010,0xAA
0b100010001110000100,0b10001010,0xAA
0b100010001110000110,0b00101000,0xAA
0b100010010000001111,0b00101010,0xAA
0b100010010010101111,0b00101010,0xAA
0b100010010010111101,0b00101010,0xAA
0b100010010010111110,0b00101010,0xAA
0b100010010011010100,0b10001010,0xAA
0b100010010011010110,0b00101000,0xAA
0b100010010011011110,0b00101000,0xAA
0b100010010011011111,0b00101010,0xAA
0b100010010011111100,0b10101110,0xAA
0b100010010011111110,0b00001010,0xAA
0b100010010100011110,0b00101010,0xAA
0b100010010100011111,0b10101000,0xAA
0b100010010101101010,0b10101000,0xAA
0b100010010111100110,0b10101000,0xAA
0b100010010111100111,0b10101000,0xAA
0b100010011000001001,0b10100010,0xAA
0b100010011000001011,0b10001010,0xAA
0b100010011000101111,0b00001010,0xAA
0b100010011010100110,0b00101010,0xAA
0b100010011010100111,0b10101000,0xAA
0b100010011011000110,0b00101010,0xAA
0b100010011011000111,0b00101010,0xAA
0b100010011100000110,0b00101010,0xAA
0b100010011100000111,0b10101000,0xAA
0b100010011100001110,0b00101010,0xAA
0b100010011100001111,0b10101000,0xAA
0b100010011100111110,0b00101010,0xAA
0b100010011100111111,0b00101010,0xAA
0b100010011101111110,0b00101000,0xAA
0b100010011101111111,0b00101010,0xAA
0b100010011110011101,0b00101010,0xAA
0b100010011110011110,0b00101010,0xAA
0b100010011110111110,0b00101010,0xAA
0b100010011110111111,0b10101000,0xAA
0b100010011111100110,0b00101000,0xAA
0b100011010010101101,0b00101010,0xAA
0b100011010010101110,0b10101000,0xAA
0b100011011000001000,0b10101000,0xAA
0b100011011000001010,0b10001010,0xAA
0b100011011000001011,0b10101011,0xAA
0b100011011110110110,0b10101000,0xAA
0b100011011111000010,0b10001010,0xAA
0b100011011111000011,0b10101011,0xAA
0b100011100010010100,0b00101010,0xAA
0b100011100010010111,0b00101010,0xAA
0b100011101010111100,0b00101010,0xAA
0b100011110010101100,0b10001010,0xAA
0b100011110010111000,0b10001010,0xAA
0b100011110010111010,0b10100010,0xAA
0b100011110011011100,0b00101010,0xAA
0b100011110101010111,0b00101010,0xAA
0b100011110111101111,0b00101010,0xAA
0b100011110111110100,0b00101010,0xAA
0b100011110111110101,0b10101000,0xAA
0b100011111000111111,0b00101010,0xAA
0b100011111001001000,0b10001010,0xAA
0b100011111010000101,0b10101000,0xAA
0b100011111101111100,0b00101010,0xAA
0b100011111101111111,0b10001010,0xAA
0b100011111110110100,0b00101010,0xAA
0b100011111110110101,0b10100010,0xAA
0b100011111110110110,0b00101010,0xAA
0b100011111111100100,0b00101010,0xAA
0b100100000011010011,0b10001010,0xAA
0b100100000101111000,0b10101110,0xAA
0b100100000101111011,0b00101010,0xAA
0b100100001110100011,0b00101010,0xAA
0b100100011111101000,0b10101110,0xAA
0b100100011111101011,0b00101010,0xAA
0b100100110100110011,0b00001010,0xAA
0b100101000001110111,0b00001010,0xAA
0b100101000001111100,0b00101010,0xAA
0b100101000001111101,0b10101000,0xAA
0b100101000010100111,0b00001010,0xAA
0b100101000011010111,0b00001010,0xAA
0b100101000101000111,0b00001010,0xAA
0b100101000101001111,0b00001010,0xAA
0b100101000101111111,0b00001010,0xAA
0b100101000110100111,0b00001010,0xAA
0b100101000111000111,0b00001010,0xAA
0b100101001000011111,0b00001010,0xAA
0b100101001001110111,0b00001010,0xAA
0b100101001010001111,0b00001010,0xAA
0b100101001010111110,0b00101010,0xAA
0b100101001010111111,0b10101000,0xAA
0b100101001011110111,0b00001010,0xAA
0b100101001100111111,0b00001010,0xAA
0b100101001101001111,0b00001010,0xAA
0b100101001101011111,0b00001010,0xAA
0b100101001111000111,0b00001010,0xAA
0b100101010000000100,0b00101010,0xAA
0b100101010000000111,0b00101010,0xAA
0b100101010000010111,0b00001010,0xAA
0b100101010000101111,0b00001010,0xAA
0b100101010001010111,0b00001010,0xAA
0b100101010010001100,0b00101010,0xAA
0b100101010010001111,0b00101010,0xAA
0b100101010010101111,0b00001010,0xAA
0b100101010010111111,0b00001010,0xAA
0b100101010011001111,0b00001010,0xAA
0b100101010011101100,0b00101010,0xAA
0b100101010011101101,0b10101000,0xAA
0b100101010011110111,0b00001010,0xAA
0b100101010100000100,0b00101010,0xAA
0b100101010100000101,0b10101000,0xAA
0b100101010100001111,0b00001010,0xAA
0b100101010100100111,0b00001010,0xAA
0b100101010100110111,0b00001010,0xAA
0b100101010111101101,0b00101010,0xAA
0b100101010111101110,0b10101000,0xAA
0b100101011000000111,0b00001010,0xAA
0b100101011001101101,0b00101010,0xAA
0b100101011001101110,0b10101000,0xAA
0b100101011010000111,0b00001010,0xAA
0b100101011010111111,0b00001010,0xAA
0b100101011011011111,0b00001010,0xAA
0b100101011011100100,0b00101010,0xAA
0b100101011011100101,0b10101000,0xAA
0b100101011011101111,0b00001010,0xAA
0b100101011011110111,0b00001010,0xAA
0b100101011100000111,0b00001010,0xAA
0b100101011100101111,0b00001010,0xAA
0b100101011101100111,0b00001010,0xAA
0b100101011101111111,0b00001010,0xAA
0b100101011110000111,0b00001010,0xAA
0b100101011111011111,0b00001010,0xAA
0b100101011111100111,0b00001010,0xAA
0b100101110101111101,0b00101010,0xAA
0b100110000101001100,0b10101000,0xAA
0b100110000101001111,0b11101010,0xAA
0b100110000101111111,0b10100010,0xAA
0b100110000110100100,0b10100000,0xAA
0b100110010100100100,0b10101000,0xAA
0b100110010100100111,0b10001110,0xAA
0b100110010111110100,0b00001010,0xAA
0b100110010111110111,0b00101010,0xAA
0b100110011010101100,0b10101000,0xAA
0b100110011010101111,0b10100010,0xAA
0b100110011011100100,0b10100011,0xAA
0b100110011011100111,0b10001010,0xAA
0b100110011100000100,0b10101000,0xAA
0b100110011100000111,0b10001010,0xAA
0b100110100010010101,0b00101010,0xAA
0b100110100010010110,0b10101000,0xAA
0b100110100110100110,0b10001000,0xAA
0b100110101001100101,0b10101000,0xAA
0b100110101001100110,0b10100000,0xAA
0b100110101010111101,0b00101010,0xAA
0b100110101010111110,0b10101000,0xAA
0b100110110010101101,0b10101000,0xAA
0b100110110010101110,0b10100000,0xAA
0b100110111010111000,0b10101000,0xAA
0b100110111010111011,0b10001110,0xAA
0b100111000000100011,0b00001010,0xAA
0b100111000011000011,0b10100010,0xAA
0b100111000100110101,0b10101000,0xAA
0b100111000100110110,0b10100000,0xAA
0b100111000101101011,0b00001010,0xAA
0b100111001001100100,0b10101000,0xAA
0b100111001001100110,0b11100010,0xAA
0b100111001011000101,0b10100010,0xAA
0b100111001011000110,0b10100010,0xAA
0b100111001111001011,0b00001010,0xAA
0b100111001111101011,0b00001010,0xAA
0b100111010000001011,0b00001010,0xAA
0b100111010001001110,0b10100000,0xAA
0b100111010011011100,0b10101000,0xAA
0b100111010011011110,0b11100010,0xAA
0b100111010100001100,0b10101000,0xAA
0b100111010100001110,0b11100010,0xAA
0b100111010100010101,0b10100010,0xAA
0b100111010100010110,0b10100010,0xAA
0b100111010110110011,0b00001010,0xAA
0b100111011010000100,0b00101010,0xAA
0b100111011010001011,0b10100010,0xAA
0b100111011101110101,0b10101000,0xAA
0b100111011101110110,0b10100000,0xAA
0b100111011111100100,0b10101110,0xAA
0b100111011111100110,0b10100010,0xAA
0b100111011111100111,0b10101000,0xAA
0b100111101101010111,0b10100010,0xAA
0b100111110010111110,0b00101010,0xAA
0b100111111010001000,0b00101010,0xAA
0b100111111010001001,0b00101010,0xAA
0b100111111010001011,0b00101010,0xAA
0b101000000000011100,0b10101110,0xAA
0b101000000000011101,0b10001010,0xAA
0b101000000000011110,0b00101010,0xAA
0b101000000001001100,0b10100010,0xAA
0b101000000001001101,0b10001010,0xAA
0b101000000001001111,0b10111000,0xAA
0b101000000001010101,0b10001010,0xAA
0b101000000001010110,0b10001010,0xAA
0b101000000010000100,0b10101000,0xAA
0b101000000010000101,0b10001010,0xAA
0b101000000010000111,0b10001010,0xAA
0b101000000010100100,0b10100010,0xAA
0b101000000010100101,0b10001010,0xAA
0b101000000010111100,0b10100010,0xAA
0b101000000010111101,0b11001010,0xAA
0b101000000100000100,0b10101110,0xAA
0b101000000100000101,0b10001010,0xAA
0b101000000100000110,0b00101010,0xAA
0b101000000100011101,0b10001000,0xAA
0b101000000100011110,0b00101010,0xAA
0b101000000100110101,0b10001010,0xAA
0b101000000100110111,0b10100010,0xAA
0b101000000101100100,0b10100010,0xAA
0b101000000101100101,0b11001010,0xAA
0b101000000110100100,0b10100010,0xAA
0b101000000110100110,0b00111010,0xAA
0b101000000111001100,0b10100010,0xAA
0b101000000111001101,0b11001010,0xAA
0b101000000111011101,0b11001010,0xAA
0b101000000111100100,0b10100000,0xAA
0b101000000111110101,0b10001010,0xAA
0b101000000111110110,0b10001010,0xAA
0b101000001000000100,0b10100010,0xAA
0b101000001000000111,0b10001010,0xAA
0b101000001001010111,0b10100010,0xAA
0b101000001010010101,0b10001010,0xAA
0b101000001010010110,0b10001010,0xAA
0b101000001010011101,0b10001010,0xAA
0b101000001010011111,0b10001010,0xAA
0b101000001010100100,0b10100010,0xAA
0b101000001010100101,0b11001010,0xAA
0b101000001011000100,0b10100010,0xAA
0b101000001011000101,0b10001010,0xAA
0b101000001011000110,0b11101010,0xAA
0b101000001011010101,0b10001010,0xAA
0b101000001011010111,0b10101110,0xAA
0b101000001011100100,0b10100010,0xAA
0b101000001011100101,0b10101110,0xAA
0b101000001011110100,0b10100010,0xAA
0b101000001011110101,0b11001010,0xAA
0b101000001100001101,0b10001010,0xAA
0b101000001100001110,0b10001010,0xAA
0b101000001100011111,0b10011010,0xAA
0b101000001100110100,0b10100010,0xAA
0b101000001100110111,0b11100010,0xAA
0b101000001101111101,0b10001010,0xAA
0b101000001101111110,0b10001010,0xAA
0b101000001110010101,0b10001010,0xAA
0b101000001110010110,0b10001010,0xAA
0b101000001110110100,0b10100010,0xAA
0b101000001110110101,0b10001010,0xAA
0b101000001111010100,0b10100010,0xAA
0b101000001111010101,0b11001010,0xAA
0b101000001111101110,0b10101000,0xAA
0b101000001111101111,0b10101000,0xAA
0b101000010000100101,0b10001010,0xAA
0b101000010000100110,0b10001010,0xAA
0b101000010000101100,0b10100010,0xAA
0b101000010000101101,0b11001010,0xAA
0b101000010001000101,0b10001010,0xAA
0b101000010001000110,0b10001010,0xAA
0b101000010010000101,0b00101010,0xAA
0b101000010010000110,0b00101010,0xAA
0b101000010010011101,0b10001010,0xAA
0b101000010010011111,0b10100010,0xAA
0b101000010011000101,0b10001010,0xAA
0b101000010011000110,0b10001010,0xAA
0b101000010011010101,0b10001010,0xAA
0b101000010011010111,0b10101110,0xAA
0b101000010100110100,0b10100010,0xAA
0b101000010100110101,0b11001010,0xAA
0b101000010101001101,0b10001010,0xAA
0b101000010101001111,0b10101000,0xAA
0b101000010101010100,0b10100010,0xAA
0b101000010101010101,0b11001010,0xAA
0b101000010101110111,0b10001000,0xAA
0b101000010101111101,0b10001010,0xAA
0b101000010101111111,0b10101110,0xAA
0b101000010111111101,0b10001010,0xAA
0b101000010111111111,0b10101110,0xAA
0b101000011000000101,0b10001000,0xAA
0b101000011000000110,0b00101010,0xAA
0b101000011000010101,0b10001010,0xAA
0b101000011000010110,0b10001010,0xAA
0b101000011000101101,0b10001010,0xAA
0b101000011000101110,0b10001010,0xAA
0b101000011000111100,0b10100010,0xAA
0b101000011000111101,0b10101110,0xAA
0b101000011001001100,0b10100010,0xAA
0b101000011001001101,0b11001010,0xAA
0b101000011001011100,0b10100010,0xAA
0b101000011001011101,0b11001010,0xAA
0b101000011001100100,0b10100010,0xAA
0b101000011001100101,0b11001010,0xAA
0b101000011010001101,0b10001010,0xAA
0b101000011010101101,0b10001010,0xAA
0b101000011010101110,0b10001010,0xAA
0b101000011011101110,0b00101010,0xAA
0b101000011011101111,0b11101010,0xAA
0b101000011100101100,0b10100010,0xAA
0b101000011100101101,0b10101011,0xAA
0b101000011100101111,0b10100010,0xAA
0b101000011101000101,0b10001000,0xAA
0b101000011101000110,0b00101010,0xAA
0b101000011101010101,0b10001010,0xAA
0b101000011101110110,0b00111010,0xAA
0b101000011101111101,0b10001000,0xAA
0b101000011101111110,0b00101010,0xAA
0b101000011111000111,0b10001000,0xAA
0b101000011111011100,0b10100010,0xAA
0b101000011111011101,0b10001000,0xAA
0b101000011111011111,0b10100010,0xAA
0b101000011111101100,0b10100010,0xAA
0b101000011111101101,0b11001010,0xAA
0b101000100110000011,0b10100010,0xAA
0b101000111001010101,0b10100010,0xAA
0b101000111001010110,0b10100010,0xAA
0b101001000001001101,0b10100000,0xAA
0b101001000001001110,0b00101010,0xAA
0b101001000001001111,0b10100010,0xAA
0b101001000010000110,0b00101010,0xAA
0b101001000010000111,0b11101010,0xAA
0b101001000100000110,0b00101010,0xAA
0b101001000110000011,0b10001010,0xAA
0b101001000110000100,0b10001010,0xAA
0b101001001001010100,0b10001010,0xAA
0b101001001001010110,0b00101000,0xAA
0b101001001110011100,0b10101000,0xAA
0b101001001110011110,0b00101010,0xAA
0b101001001111100110,0b00101010,0xAA
0b101001001111100111,0b10101110,0xAA
0b101001011010000100,0b10001010,0xAA
0b101001011010001100,0b10101000,0xAA
0b101001011010001110,0b00101010,0xAA
0b101001100010100000,0b00101010,0xAA
0b101001101000111000,0b00101010,0xAA
0b101001101000111010,0b10001000,0xAA
0b101001101101011010,0b10000010,0xAA
0b101001101110111110,0b00101000,0xAA
0b101001110010101000,0b00101010,0xAA
0b101001110010101010,0b10001000,0xAA
0b101001110010110010,0b10001000,0xAA
0b101001110011000010,0b10001000,0xAA
0b101010000001000101,0b10100010,0xAA
0b101010000001001001,0b10001010,0xAA
0b101010000001001010,0b00101000,0xAA
0b101010000001001011,0b00101010,0xAA
0b101010000001001101,0b10100010,0xAA
0b101010000001001110,0b10100010,0xAA
0b101010000001011011,0b00101010,0xAA
0b101010000010000101,0b10100000,0xAA
0b101010000010010101,0b10101000,0xAA
0b101010000011110011,0b00101010,0xAA
0b101010000100000010,0b00100010,0xAA
0b101010000100000101,0b10100000,0xAA
0b101010000100000111,0b10101000,0xAA
0b101010000110000010,0b00101010,0xAA
0b101010000110000011,0b10101000,0xAA
0b101010000110000101,0b10100000,0xAA
0b101010000111101101,0b10100010,0xAA
0b101010000111101110,0b10100010,0xAA
0b101010001001101101,0b10100010,0xAA
0b101010001101000011,0b00101010,0xAA
0b101010001101011011,0b00001010,0xAA
0b101010001110110100,0b10110010,0xAA
0b101010001110110101,0b10101000,0xAA
0b101010010000101101,0b10101000,0xAA
0b101010010000111011,0b00101010,0xAA
0b101010010010000111,0b10100010,0xAA
0b101010010011011101,0b10100010,0xAA
0b101010010100010100,0b10110010,0xAA
0b101010010100010101,0b10101000,0xAA
0b101010010101001011,0b00001010,0xAA
0b101010010110010110,0b10100010,0xAA
0b101010011000001010,0b10101000,0xAA
0b101010011000001011,0b00101010,0xAA
0b101010011000010100,0b10101110,0xAA
0b101010011000010101,0b10101000,0xAA
0b101010011001001101,0b10100010,0xAA
0b101010011100100011,0b00001010,0xAA
0b101010011100110010,0b00101000,0xAA
0b101010011100110011,0b00101010,0xAA
0b101010011101101010,0b00101010,0xAA
0b101010011101101011,0b10101000,0xAA
0b101010011110101101,0b10100010,0xAA
0b101010011110101110,0b10100010,0xAA
0b101010100010100011,0b10101000,0xAA
0b101010110001100110,0b10100010,0xAA
0b101011000010000011,0b00101000,0xAA
0b101011000010100100,0b10001010,0xAA
0b101011000011110110,0b00101010,0xAA
0b101011001000111011,0b00101010,0xAA
0b101011001110000111,0b10100010,0xAA
0b101011010000101111,0b10100010,0xAA
0b101011010011000111,0b10100010,0xAA
0b101011010101001111,0b10100010,0xAA
0b101011011001000111,0b10100010,0xAA
0b101011011001100111,0b10100010,0xAA
0b101011011100110011,0b00101000,0xAA
0b101011011111011111,0b11101010,0xAA
0b101100000010100100,0b10100010,0xAA
0b101100000010100111,0b11101010,0xAA
0b101100101000000100,0b10001010,0xAA
0b101100110010000110,0b10101000,0xAA
0b101100110010000111,0b10101000,0xAA
0b101101000000000111,0b10100010,0xAA
0b101101000000010011,0b10101000,0xAA
0b101101000000011111,0b11101010,0xAA
0b101101000001001100,0b10101000,0xAA
0b101101000001001111,0b11101010,0xAA
0b101101000001010110,0b00100010,0xAA
0b101101000001010111,0b00101010,0xAA
0b101101000001111111,0b10100010,0xAA
0b101101000010000111,0b10100010,0xAA
0b101101000010010111,0b10100010,0xAA
0b101101000010011111,0b10100010,0xAA
0b101101000010100011,0b00001010,0xAA
0b101101000010100111,0b10100010,0xAA
0b101101000010111111,0b10100010,0xAA
0b101101000011010111,0b10100010,0xAA
0b101101000011011011,0b00001010,0xAA
0b101101000011100111,0b10100010,0xAA
0b101101000011101100,0b10101000,0xAA
0b101101000011101111,0b11101010,0xAA
0b101101000100000100,0b10001000,0xAA
0b101101000100000111,0b11101010,0xAA
0b101101000100110011,0b00001010,0xAA
0b101101000100111111,0b11101010,0xAA
0b101101000101000111,0b10100010,0xAA
0b101101000101001100,0b10101000,0xAA
0b101101000101001111,0b11101010,0xAA
0b101101000101100111,0b10100010,0xAA
0b101101000110000111,0b10100010,0xAA
0b101101000110010111,0b10100010,0xAA
0b101101000110110111,0b10100010,0xAA
0b101101000110111011,0b00001010,0xAA
0b101101000111000111,0b10100010,0xAA
0b101101000111010111,0b10100010,0xAA
0b101101000111011111,0b10100010,0xAA
0b101101000111101011,0b00001010,0xAA
0b101101000111101111,0b10100010,0xAA
0b101101001000000111,0b10100010,0xAA
0b101101001000100111,0b10100010,0xAA
0b101101001001010111,0b10100010,0xAA
0b101101001001011111,0b10100010,0xAA
0b101101001001100111,0b10100010,0xAA
0b101101001001101111,0b10100010,0xAA
0b101101001010011111,0b10100010,0xAA
0b101101001010100100,0b10101000,0xAA
0b101101001010100111,0b11101010,0xAA
0b101101001011000111,0b10100010,0xAA
0b101101001011010111,0b10100010,0xAA
0b101101001011100111,0b10100010,0xAA
0b101101001011111011,0b00001010,0xAA
0b101101001100000111,0b10100010,0xAA
0b101101001100001111,0b10100010,0xAA
0b101101001100010110,0b10101000,0xAA
0b101101001100010111,0b10001010,0xAA
0b101101001100011011,0b00001010,0xAA
0b101101001100011111,0b10100010,0xAA
0b101101001100110111,0b10100010,0xAA
0b101101001100111111,0b10100010,0xAA
0b101101001101011011,0b10101000,0xAA
0b101101001101101111,0b10100010,0xAA
0b101101001101110111,0b00101010,0xAA
0b101101001110000011,0b00001010,0xAA
0b101101001110010100,0b10101000,0xAA
0b101101001110010111,0b11101010,0xAA
0b101101001110011111,0b10100010,0xAA
0b101101001110110100,0b10101000,0xAA
0b101101001110110111,0b11101010,0xAA
0b101101001110111100,0b10101000,0xAA
0b101101001110111111,0b11101010,0xAA
0b101101001111101111,0b10100010,0xAA
0b101101001111110011,0b00001010,0xAA
0b101101010000000111,0b11101010,0xAA
0b101101010000001111,0b10100010,0xAA
0b101101010000010111,0b10100010,0xAA
0b101101010000100111,0b10100010,0xAA
0b101101010000101111,0b10100010,0xAA
0b101101010001010111,0b10100010,0xAA
0b101101010001011111,0b10100010,0xAA
0b101101010001100011,0b00101010,0xAA
0b101101010001100100,0b10001000,0xAA
0b101101010001100111,0b11101010,0xAA
0b101101010010000011,0b00001010,0xAA
0b101101010010100111,0b10100010,0xAA
0b101101010010101111,0b10100010,0xAA
0b101101010010111111,0b10100010,0xAA
0b101101010011101111,0b10100010,0xAA
0b101101010011110100,0b10101000,0xAA
0b101101010011110111,0b10001010,0xAA
0b101101010100001111,0b10100010,0xAA
0b101101010100010111,0b00101010,0xAA
0b101101010101000111,0b10100010,0xAA
0b101101010101100010,0b00101010,0xAA
0b101101010101100011,0b10101000,0xAA
0b101101010101100111,0b10100010,0xAA
0b101101010101101111,0b10100010,0xAA
0b101101010101111111,0b10100010,0xAA
0b101101010110000100,0b10101110,0xAA
0b101101010110000111,0b00101010,0xAA
0b101101010110001100,0b10101000,0xAA
0b101101010110001111,0b11101010,0xAA
0b101101010110011111,0b10100010,0xAA
0b101101010111100011,0b00001010,0xAA
0b101101010111111111,0b10100010,0xAA
0b101101011000001011,0b00101010,0xAA
0b101101011000011100,0b10101000,0xAA
0b101101011000100111,0b10100010,0xAA
0b101101011000101000,0b00101010,0xAA
0b101101011000101001,0b10101000,0xAA
0b101101011001001111,0b10100010,0xAA
0b101101011001100111,0b00101010,0xAA
0b101101011001101111,0b10100010,0xAA
0b101101011010001100,0b10101110,0xAA
0b101101011010001111,0b00101010,0xAA
0b101101011010011100,0b10101000,0xAA
0b101101011010011111,0b11101010,0xAA
0b101101011010111111,0b10100010,0xAA
0b101101011011100111,0b10100010,0xAA
0b101101011011110011,0b00001010,0xAA
0b101101011011110111,0b10100010,0xAA
0b101101011011111111,0b10100010,0xAA
0b101101011100001111,0b10100010,0xAA
0b101101011100010011,0b00001010,0xAA
0b101101011100010111,0b10100010,0xAA
0b101101011100100111,0b10100010,0xAA
0b101101011100111100,0b10001010,0xAA
0b101101011101011111,0b10100010,0xAA
0b101101011110000111,0b10100010,0xAA
0b101101011110011100,0b10101000,0xAA
0b101101011110011111,0b11101010,0xAA
0b101101011110100111,0b10100010,0xAA
0b101101011110111111,0b10100010,0xAA
0b101101011111011111,0b10100010,0xAA
0b101101011111110111,0b10100010,0xAA
0b101101100001011110,0b10101000,0xAA
0b101101100001011111,0b00101010,0xAA
0b101101100010100110,0b10101000,0xAA
0b101101100010100111,0b00101010,0xAA
0b101101100110000110,0b10101000,0xAA
0b101101100110000111,0b00101010,0xAA
0b101101101000000101,0b10101000,0xAA
0b101101101000000110,0b10100000,0xAA
0b101101101110111110,0b10101000,0xAA
0b101101101110111111,0b00101010,0xAA
0b101101111000101110,0b10101000,0xAA
0b101101111000101111,0b00101010,0xAA
0b101101111101110101,0b10100010,0xAA
0b101101111101110110,0b10101000,0xAA
0b101101111101110111,0b00101010,0xAA
0b101110010111010100,0b10101110,0xAA
0b101110010111010101,0b10100010,0xAA
0b101110010111010110,0b10101000,0xAA
0b101110011101110101,0b00000010,0xAA
0b101110011101110110,0b10101000,0xAA
0b101110100010110010,0b10100000,0xAA
0b101110101110101001,0b10101000,0xAA
0b101110101110101010,0b10100000,0xAA
0b101110110010001010,0b10001000,0xAA
0b101111000001001100,0b00101010,0xAA
0b101111000001001111,0b10001010,0xAA
0b101111000010100101,0b10100010,0xAA
0b101111000010100110,0b10100010,0xAA
0b101111000100101001,0b10001010,0xAA
0b101111000100101010,0b10100010,0xAA
0b101111000110000100,0b00101010,0xAA
0b101111000110000110,0b10100010,0xAA
0b101111000110000111,0b10101110,0xAA
0b101111000110111100,0b00101010,0xAA
0b101111000110111111,0b10001010,0xAA
0b101111001000000100,0b00101010,0xAA
0b101111001000000101,0b00101010,0xAA
0b101111001000000111,0b10101110,0xAA
0b101111001000010001,0b10100010,0xAA
0b101111001000010010,0b10100010,0xAA
0b101111001001001001,0b10100010,0xAA
0b101111001001001010,0b10100010,0xAA
0b101111001001111100,0b00101010,0xAA
0b101111001110110100,0b10101000,0xAA
0b101111001110110110,0b00101010,0xAA
0b101111001110111100,0b00101010,0xAA
0b101111001110111111,0b10001010,0xAA
0b101111010000100100,0b00101010,0xAA
0b101111010000111001,0b10100010,0xAA
0b101111010000111010,0b10100010,0xAA
0b101111010000111110,0b10100010,0xAA
0b101111010000111111,0b10101110,0xAA
0b101111010001111101,0b10100010,0xAA
0b101111010001111111,0b10101110,0xAA
0b101111010010101000,0b10001010,0xAA
0b101111010010101010,0b10000010,0xAA
0b101111010011101101,0b10100010,0xAA
0b101111010100101100,0b00101010,0xAA
0b101111010100110100,0b10101000,0xAA
0b101111010100110111,0b11101010,0xAA
0b101111010101001101,0b10100010,0xAA
0b101111010101001111,0b10101110,0xAA
0b101111010101100010,0b10100010,0xAA
0b101111010101100110,0b10100010,0xAA
0b101111010101100111,0b10101110,0xAA
0b101111010110001100,0b00101010,0xAA
0b101111010110100111,0b00101010,0xAA
0b101111011000001001,0b10100010,0xAA
0b101111011000001010,0b10100010,0xAA
0b101111011000010110,0b10100010,0xAA
0b101111011000010111,0b10101110,0xAA
0b101111011000100110,0b10100010,0xAA
0b101111011000100111,0b10101110,0xAA
0b101111011001101001,0b10100010,0xAA
0b101111011001101010,0b10100010,0xAA
0b101111011011001001,0b10100010,0xAA
0b101111011011001010,0b10100010,0xAA
0b101111011011101100,0b00101010,0xAA
0b101111011011101101,0b10100010,0xAA
0b101111011011101110,0b00101010,0xAA
0b101111011011111100,0b00101010,0xAA
0b101111011101011100,0b10101000,0xAA
0b101111011101011111,0b11101010,0xAA
0b101111011101110110,0b10100010,0xAA
0b101111011101110111,0b10101110,0xAA
0b101111011101111001,0b10100010,0xAA
0b101111011101111010,0b10100010,0xAA
0b101111011111011100,0b00101010,0xAA
0b101111011111011111,0b10100010,0xAA
0b101111100001010011,0b10100010,0xAA
0b101111100010100011,0b10100010,0xAA
0b101111100100000011,0b10100010,0xAA
0b101111101000010011,0b10100010,0xAA
0b101111101100011011,0b10100010,0xAA
0b101111110101010011,0b10100010,0xAA
0b101111111101000011,0b10100010,0xAA
0b101111111110100010,0b00101010,0xAA
0b110000000011011000,0b10100010,0xAA
0b110000000011011010,0b00111010,0xAA
0b110000000101110110,0b10001010,0xAA
0b110000000101110111,0b10100010,0xAA
0b110000000110010111,0b10100010,0xAA
0b110000001000000001,0b11001010,0xAA
0b110000001001000111,0b10100010,0xAA
0b110000001001110100,0b10001010,0xAA
0b110000001001110110,0b10101000,0xAA
0b110000001001110111,0b10100010,0xAA
0b110000001010010000,0b10100010,0xAA
0b110000001010010001,0b11001010,0xAA
0b110000001010110000,0b10100010,0xAA
0b110000001010110001,0b11001010,0xAA
0b110000001111101001,0b11001010,0xAA
0b110000010000001001,0b10001000,0xAA
0b110000010000001010,0b00101010,0xAA
0b110000010000010000,0b10100010,0xAA
0b110000010000010001,0b11001010,0xAA
0b110000010000110001,0b11001010,0xAA
0b110000010001010110,0b00101000,0xAA
0b110000010010001000,0b10001010,0xAA
0b110000010010001010,0b00101000,0xAA
0b110000010101101001,0b11001010,0xAA
0b110000010110011001,0b10001010,0xAA
0b110000010110011010,0b10101000,0xAA
0b110000010110101010,0b00111010,0xAA
0b110000010110101100,0b10001010,0xAA
0b110000010110101101,0b00101010,0xAA
0b110000010110101111,0b10101000,0xAA
0b110000010110111010,0b10001010,0xAA
0b110000010111001000,0b10100010,0xAA
0b110000010111001001,0b10001010,0xAA
0b110000010111001010,0b11101010,0xAA
0b110000010111001111,0b10100010,0xAA
0b110000010111011001,0b10001010,0xAA
0b110000010111011010,0b10001010,0xAA
0b110000011001101100,0b10001010,0xAA
0b110000011001101111,0b10100010,0xAA
0b110000011010000000,0b10100010,0xAA
0b110000011010000001,0b11001010,0xAA
0b110000011100011001,0b11001010,0xAA
0b110000011101011111,0b10100010,0xAA
0b110000101010100101,0b00101010,0xAA
0b110000101010100110,0b10101000,0xAA
0b110000110001010001,0b00101010,0xAA
0b110000110001010011,0b10101000,0xAA
0b110000110011100111,0b10100010,0xAA
0b110001000001000100,0b10001010,0xAA
0b110001000001011110,0b10101000,0xAA
0b110001000010110100,0b10001010,0xAA
0b110001000010110110,0b10101000,0xAA
0b110001000010111101,0b10101000,0xAA
0b110001000010111111,0b00101010,0xAA
0b110001000011011100,0b10001010,0xAA
0b110001000011011110,0b00101000,0xAA
0b110001000011110100,0b00001010,0xAA
0b110001000011110111,0b00101010,0xAA
0b110001000100000110,0b10101000,0xAA
0b110001000101110110,0b10101000,0xAA
0b110001000110011100,0b10001010,0xAA
0b110001000110111110,0b10101000,0xAA
0b110001000110111111,0b10001010,0xAA
0b110001000111110110,0b10101000,0xAA
0b110001000111111100,0b10101110,0xAA
0b110001000111111111,0b00101010,0xAA
0b110001001000000100,0b10001010,0xAA
0b110001001010100110,0b10101000,0xAA
0b110001001010111110,0b10001000,0xAA
0b110001001011000100,0b10001010,0xAA
0b110001001011000110,0b10100000,0xAA
0b110001001011000111,0b10001010,0xAA
0b110001001011001110,0b10101000,0xAA
0b110001001011010100,0b10001010,0xAA
0b110001001011010110,0b10101000,0xAA
0b110001001011010111,0b00101010,0xAA
0b110001001011100100,0b10001010,0xAA
0b110001001011101110,0b10001000,0xAA
0b110001001011110100,0b00101010,0xAA
0b110001001011110110,0b10100010,0xAA
0b110001001011111100,0b10001010,0xAA
0b110001001011111101,0b10101000,0xAA
0b110001001011111110,0b10101000,0xAA
0b110001001100000010,0b00101010,0xAA
0b110001001100000100,0b10001010,0xAA
0b110001001100000110,0b00101000,0xAA
0b110001001100001110,0b10101000,0xAA
0b110001001100001111,0b10101110,0xAA
0b110001001101010100,0b10001010,0xAA
0b110001001101010110,0b10101000,0xAA
0b110001001110100100,0b10001010,0xAA
0b110001001110100110,0b00101000,0xAA
0b110001010000001100,0b10001010,0xAA
0b110001010001010100,0b10001010,0xAA
0b110001010001010110,0b10101000,0xAA
0b110001010001100101,0b10101000,0xAA
0b110001010001100110,0b10100000,0xAA
0b110001010010010100,0b10001010,0xAA
0b110001010010010110,0b00101000,0xAA
0b110001010011100100,0b10001010,0xAA
0b110001010011100110,0b10101000,0xAA
0b110001010011100111,0b10001010,0xAA
0b110001010011101100,0b10001010,0xAA
0b110001010100000100,0b10001010,0xAA
0b110001010100011110,0b10101000,0xAA
0b110001010101000100,0b10001010,0xAA
0b110001010101000101,0b10001010,0xAA
0b110001010101000110,0b10100010,0xAA
0b110001010101101100,0b10001010,0xAA
0b110001010101101110,0b00101000,0xAA
0b110001010110011100,0b10001010,0xAA
0b110001010110101100,0b10001010,0xAA
0b110001010110101110,0b10101000,0xAA
0b110001011010111100,0b10001010,0xAA
0b110001011011110110,0b10100010,0xAA
0b110001011011111100,0b10001010,0xAA
0b110001011100010110,0b10101000,0xAA
0b110001011101000110,0b10101000,0xAA
0b110001011101011110,0b10101000,0xAA
0b110001011101111100,0b10001010,0xAA
0b110001011101111101,0b10100010,0xAA
0b110001011101111110,0b10101000,0xAA
0b110001011110101100,0b10001010,0xAA
0b110001011110101110,0b00101000,0xAA
0b110001011111000110,0b10101000,0xAA
0b110001011111110100,0b10101110,0xAA
0b110001011111110111,0b00101010,0xAA
0b110001100011011101,0b10101011,0xAA
0b110001100110011001,0b10001010,0xAA
0b110001100110011010,0b10101000,0xAA
0b110001100111111100,0b00001110,0xAA
0b110001110000110100,0b00001010,0xAA
0b110001110000110101,0b10100010,0xAA
0b110001110000110110,0b10101000,0xAA
0b110001110010001100,0b00001110,0xAA
0b110001110011001100,0b00001110,0xAA
0b110001111010011100,0b00001110,0xAA
0b110001111101010100,0b00001110,0xAA
0b110001111110111010,0b00101000,0xAA
0b110010000011011101,0b10001010,0xAA
0b110010000011011110,0b10001010,0xAA
0b110010001001100000,0b10101110,0xAA
0b110010001001100001,0b10100000,0xAA
0b110010001001100010,0b10100010,0xAA
0b110010001110110001,0b10101000,0xAA
0b110010001110110011,0b10001010,0xAA
0b110010010001010111,0b10100010,0xAA
0b110010010101000011,0b10001010,0xAA
0b110010010101000101,0b10001010,0xAA
0b110010010101000111,0b10001010,0xAA
0b110010010111001101,0b10001010,0xAA
0b110010010111001110,0b10001010,0xAA
0b110010100011000110,0b10000010,0xAA
0b110010100011011010,0b10101100,0xAA
0b110010100111110000,0b10100010,0xAA
0b110010100111111110,0b10000010,0xAA
0b110010101010111110,0b00101010,0xAA
0b110010101010111111,0b10101000,0xAA
0b110010101111100110,0b10000010,0xAA
0b110010110001010000,0b10100010,0xAA
0b110010110101000000,0b10100010,0xAA
0b110010110101111110,0b10000010,0xAA
0b110010111000110011,0b10011010,0xAA
0b110010111001111000,0b10100010,0xAA
0b110010111101100000,0b10100010,0xAA
0b110010111110111001,0b10101110,0xAA
0b110011000001101101,0b00101010,0xAA
0b110011000010010100,0b10100000,0xAA
0b110011000010110101,0b00101010,0xAA
0b110011000010110110,0b00101010,0xAA
0b110011000011010100,0b10100000,0xAA
0b110011000011110100,0b10100010,0xAA
0b110011000011110101,0b10101110,0xAA
0b110011001010000100,0b10100010,0xAA
0b110011001010000101,0b11001010,0xAA
0b110011001010111100,0b11101000,0xAA
0b110011001010111110,0b00001010,0xAA
0b110011001011111100,0b10100010,0xAA
0b110011001011111101,0b00111010,0xAA
0b110011001100100100,0b10100010,0xAA
0b110011001100100110,0b00111010,0xAA
0b110011001101100010,0b00101010,0xAA
0b110011001101100011,0b10101000,0xAA
0b110011001111001101,0b10001000,0xAA
0b110011001111001110,0b00101010,0xAA
0b110011001111011100,0b10101000,0xAA
0b110011001111011110,0b00101110,0xAA
0b110011001111111101,0b00001010,0xAA
0b110011001111111110,0b00001010,0xAA
0b110011010001010100,0b10100000,0xAA
0b110011010001010111,0b10000010,0xAA
0b110011010010001100,0b10100010,0xAA
0b110011010010001111,0b11100010,0xAA
0b110011010011100100,0b10100010,0xAA
0b110011010011100101,0b00101110,0xAA
0b110011010011100110,0b00101010,0xAA
0b110011010011101100,0b10101110,0xAA
0b110011010011101101,0b00001010,0xAA
0b110011010011111110,0b00111010,0xAA
0b110011010101000010,0b00101010,0xAA
0b110011010101000111,0b11100010,0xAA
0b110011010101101100,0b10100000,0xAA
0b110011010101101110,0b00101000,0xAA
0b110011010111010100,0b10100000,0xAA
0b110011010111010110,0b00101010,0xAA
0b110011010111010111,0b10101000,0xAA
0b110011010111011100,0b10100010,0xAA
0b110011010111011101,0b11001010,0xAA
0b110011011001010100,0b10100010,0xAA
0b110011011001010101,0b10001010,0xAA
0b110011011001010110,0b00101010,0xAA
0b110011011001010111,0b10001010,0xAA
0b110011011001011100,0b10100010,0xAA
0b110011011001011110,0b00111010,0xAA
0b110011011010111011,0b00001010,0xAA
0b110011011100011011,0b10100010,0xAA
0b110011011110101100,0b10100000,0xAA
0b110011011110101110,0b00101010,0xAA
0b110011011110101111,0b10101000,0xAA
0b110011011111100101,0b10001000,0xAA
0b110011011111100110,0b00101010,0xAA
0b110011101110111100,0b10001010,0xAA
0b110011101110111101,0b10001010,0xAA
0b110011101110111110,0b10100010,0xAA
0b110011110011100101,0b10001010,0xAA
0b110011110011100110,0b10001010,0xAA
0b110011111010101001,0b00101010,0xAA
0b110011111010101010,0b10101000,0xAA
0b110100000111110110,0b00101010,0xAA
0b110100000111110111,0b10100010,0xAA
0b110100000111111110,0b00101000,0xAA
0b110100001010111100,0b00101010,0xAA
0b110100001010111110,0b00100010,0xAA
0b110100001011010010,0b11001010,0xAA
0b110100001111111100,0b10001010,0xAA
0b110100001111111101,0b10001010,0xAA
0b110100001111111110,0b10100010,0xAA
0b110100010000001101,0b10001000,0xAA
0b110100010000001110,0b00101010,0xAA
0b110101000001110011,0b11101010,0xAA
0b110101000010010011,0b11101010,0xAA
0b110101000010110011,0b11101010,0xAA
0b110101000011101011,0b11101010,0xAA
0b110101000100101011,0b11101010,0xAA
0b110101000100101100,0b10001010,0xAA
0b110101000100101101,0b10001010,0xAA
0b110101000100101110,0b10100010,0xAA
0b110101000101110011,0b11101010,0xAA
0b110101000110100011,0b11101010,0xAA
0b110101000111011011,0b11101010,0xAA
0b110101000111100011,0b11101010,0xAA
0b110101000111110000,0b10101000,0xAA
0b110101000111110011,0b11101010,0xAA
0b110101000111111000,0b10101000,0xAA
0b110101000111111011,0b11101010,0xAA
0b110101001000010011,0b11101010,0xAA
0b110101001001111011,0b11101010,0xAA
0b110101001010001011,0b11101010,0xAA
0b110101001010110000,0b10101000,0xAA
0b110101001011011011,0b11101010,0xAA
0b110101001100101011,0b11101010,0xAA
0b110101001101001011,0b11101010,0xAA
0b110101001101111011,0b11101010,0xAA
0b110101001110000011,0b11101010,0xAA
0b110101001110110000,0b10101000,0xAA
0b110101001110110011,0b11101010,0xAA
0b110101010000001011,0b11101010,0xAA
0b110101010000110000,0b10101000,0xAA
0b110101010000110011,0b11101010,0xAA
0b110101010001010010,0b10100010,0xAA
0b110101010001010111,0b10100010,0xAA
0b110101010001101000,0b10101000,0xAA
0b110101010001101011,0b11101010,0xAA
0b110101010001110011,0b11101010,0xAA
0b110101010010111011,0b11101010,0xAA
0b110101010011100000,0b10101000,0xAA
0b110101010011100011,0b11101010,0xAA
0b110101010011100110,0b10100010,0xAA
0b110101010011100111,0b10100010,0xAA
0b110101010100000011,0b11101010,0xAA
0b110101010100100011,0b11101010,0xAA
0b110101010101010011,0b11101010,0xAA
0b110101010101011011,0b11101010,0xAA
0b110101010101101000,0b10101110,0xAA
0b110101010101101011,0b00101010,0xAA
0b110101010101110000,0b10101000,0xAA
0b110101010101110011,0b11101010,0xAA
0b110101010110010011,0b11101010,0xAA
0b110101010111001011,0b11101010,0xAA
0b110101010111001101,0b10001010,0xAA
0b110101010111001111,0b10100010,0xAA
0b110101010111010011,0b11101010,0xAA
0b110101011000010011,0b11101010,0xAA
0b110101011001001011,0b11101010,0xAA
0b110101011001011011,0b11101010,0xAA
0b110101011010000011,0b10100010,0xAA
0b110101011010100000,0b10101000,0xAA
0b110101011010100011,0b11101010,0xAA
0b110101011010110000,0b10101000,0xAA
0b110101011010110011,0b11101010,0xAA
0b110101011010111010,0b10100010,0xAA
0b110101011010111011,0b00101010,0xAA
0b110101011100011011,0b11101010,0xAA
0b110101011100101000,0b10101000,0xAA
0b110101011100101011,0b11101010,0xAA
0b110101011101010011,0b11101010,0xAA
0b110101011101101110,0b10100010,0xAA
0b110101011101101111,0b10001010,0xAA
0b110101011110011000,0b10101000,0xAA
0b110101011110011011,0b11101010,0xAA
0b110101011110101011,0b11101010,0xAA
0b110101011110111011,0b11101010,0xAA
0b110101011111011101,0b10000010,0xAA
0b110101100010110100,0b00101010,0xAA
0b110101100010110101,0b10101000,0xAA
0b110101101010100100,0b00101010,0xAA
0b110101101010100101,0b10001010,0xAA
0b110101101010100111,0b10101000,0xAA
0b110101101010111100,0b00101110,0xAA
0b110101101010111101,0b10001010,0xAA
0b110101101010111110,0b10100010,0xAA
0b110101101111101111,0b10101000,0xAA
0b110101101111111100,0b00101010,0xAA
0b110101101111111101,0b10001010,0xAA
0b110101101111111110,0b00101010,0xAA
0b110101111000011010,0b10101000,0xAA
0b110101111000011011,0b00101010,0xAA
0b110101111110011101,0b10001010,0xAA
0b110101111110011110,0b10101011,0xAA
0b110110000011110101,0b11100010,0xAA
0b110110000011110111,0b10001000,0xAA
0b110110001010111111,0b10001010,0xAA
0b110110010001010001,0b10001010,0xAA
0b110110010001010010,0b10001000,0xAA
0b110110010001010011,0b10101000,0xAA
0b110110010011100010,0b10101000,0xAA
0b110110010110101101,0b10100000,0xAA
0b110110010110101111,0b10101000,0xAA
0b110111010010001110,0b10001010,0xAA
0b110111010101000011,0b10101000,0xAA
0b110111100010110100,0b10101000,0xAA
0b110111100010110110,0b10100010,0xAA
0b110111100010110111,0b10100010,0xAA
0b110111100011011111,0b10100010,0xAA
0b110111100100101100,0b10101000,0xAA
0b110111100100101101,0b10001010,0xAA
0b110111100100101110,0b10101011,0xAA
0b110111100111110111,0b10100010,0xAA
0b110111101000011110,0b11100010,0xAA
0b110111101001110101,0b10001010,0xAA
0b110111101001110111,0b10100010,0xAA
0b110111101010000100,0b10101000,0xAA
0b110111101010000110,0b11100010,0xAA
0b110111101011100101,0b10001010,0xAA
0b110111101011100111,0b10100010,0xAA
0b110111101100010110,0b10101011,0xAA
0b110111101100100100,0b10101000,0xAA
0b110111101100100111,0b10100010,0xAA
0b110111101101000100,0b10101000,0xAA
0b110111101101000101,0b10001010,0xAA
0b110111101101000110,0b10101011,0xAA
0b110111101101010100,0b10101000,0xAA
0b110111101101010101,0b10001010,0xAA
0b110111101101010110,0b10101011,0xAA
0b110111101110001100,0b10101000,0xAA
0b110111101110001101,0b10001010,0xAA
0b110111101110001110,0b10101011,0xAA
0b110111101111010100,0b10101000,0xAA
0b110111101111010101,0b10001010,0xAA
0b110111101111010110,0b10101011,0xAA
0b110111101111111110,0b10100010,0xAA
0b110111101111111111,0b10100010,0xAA
0b110111110001010100,0b10001000,0xAA
0b110111110001010101,0b10001010,0xAA
0b110111110001010110,0b10100010,0xAA
0b110111110001010111,0b10100010,0xAA
0b110111110011001110,0b10100010,0xAA
0b110111110011001111,0b10100010,0xAA
0b110111110011100100,0b10101000,0xAA
0b110111110011100101,0b10001010,0xAA
0b110111110011100110,0b10101011,0xAA
0b110111110011101111,0b10100010,0xAA
0b110111110100000100,0b10101000,0xAA
0b110111110100000101,0b10001010,0xAA
0b110111110100000110,0b10101011,0xAA
0b110111110101000100,0b10101000,0xAA
0b110111110101000110,0b11100010,0xAA
0b110111110110000100,0b10101000,0xAA
0b110111110110000101,0b10001010,0xAA
0b110111110110000110,0b10101011,0xAA
0b110111110111001100,0b10101000,0xAA
0b110111110111001101,0b10001010,0xAA
0b110111110111001110,0b10101011,0xAA
0b110111110111101101,0b10001010,0xAA
0b110111110111101110,0b10100010,0xAA
0b110111110111101111,0b10100010,0xAA
0b110111111000010100,0b10101000,0xAA
0b110111111000010101,0b10001010,0xAA
0b110111111000010110,0b10101011,0xAA
0b110111111001010100,0b10101000,0xAA
0b110111111001010101,0b10001010,0xAA
0b110111111001010111,0b10100010,0xAA
0b110111111101011110,0b10101011,0xAA
0b110111111111100100,0b10101000,0xAA
0b110111111111100101,0b10001010,0xAA
0b110111111111100110,0b10101011,0xAA
0b111000000101010110,0b10100010,0xAA
0b111000000111101110,0b10100010,0xAA
0b111000000111101111,0b10001010,0xAA
0b111000001000110111,0b00001010,0xAA
0b111000001000111010,0b10001010,0xAA
0b111000001101100110,0b10100010,0xAA
0b111000001101100111,0b10001010,0xAA
0b111000010001000101,0b10100010,0xAA
0b111000010001000111,0b10001010,0xAA
0b111000010010111111,0b10001010,0xAA
0b111000010011010110,0b10100010,0xAA
0b111000010011010111,0b10001010,0xAA
0b111000010011111100,0b00101010,0xAA
0b111000010011111101,0b00101010,0xAA
0b111000010011111110,0b10100010,0xAA
0b111000010101001000,0b10001010,0xAA
0b111000010101001010,0b10101000,0xAA
0b111000010101001011,0b10100010,0xAA
0b111000010101001101,0b00101000,0xAA
0b111000010101001110,0b10100010,0xAA
0b111000010101001111,0b00001010,0xAA
0b111000010101110101,0b10100010,0xAA
0b111000010101110110,0b10100010,0xAA
0b111000010101111011,0b10100000,0xAA
0b111000100110010100,0b00101010,0xAA
0b111000100110010101,0b10001010,0xAA
0b111000100110010111,0b10101000,0xAA
0b111000101100111101,0b10100010,0xAA
0b111000101100111110,0b10100010,0xAA
0b111000101110000000,0b10001010,0xAA
0b111001000000011010,0b10101000,0xAA
0b111001000010011000,0b10001010,0xAA
0b111001000110010000,0b10001010,0xAA
0b111001000110010010,0b00101000,0xAA
0b111001001110000001,0b10101000,0xAA
0b111001001110000010,0b10100000,0xAA
0b111001010000111001,0b00101010,0xAA
0b111001010000111010,0b10101000,0xAA
0b111001010011100010,0b10101000,0xAA
0b111001011010011000,0b10001010,0xAA
0b111001011010011010,0b00101000,0xAA
0b111001100110010010,0b10001000,0xAA
0b111010000010011100,0b10101000,0xAA
0b111010000010011101,0b11100010,0xAA
0b111010001111100101,0b10100010,0xAA
0b111010001111100110,0b10101000,0xAA
0b111010001111100111,0b00101010,0xAA
0b111010010101001010,0b10001010,0xAA
0b111010010101001011,0b10001010,0xAA
0b111010011000101010,0b10001010,0xAA
0b111010011000101011,0b10001010,0xAA
0b111010111100000101,0b10000010,0xAA
0b111010111100010100,0b10100000,0xAA
0b111011000100101010,0b10101110,0xAA
0b111011000100101011,0b10101000,0xAA
0b111011001000010101,0b10100000,0xAA
0b111011001000010111,0b10101000,0xAA
0b111011001110000010,0b00111010,0xAA
0b111011010001000000,0b10101000,0xAA
0b111011010001000010,0b10111010,0xAA
0b111011010001000011,0b10101000,0xAA
0b111011010011101010,0b00101010,0xAA
0b111011010011101011,0b10101000,0xAA
0b111011011001000001,0b00101010,0xAA
0b111011011001000010,0b00101010,0xAA
0b111011011001011010,0b00101110,0xAA
0b111011011011101010,0b00101010,0xAA
0b111011011011101011,0b10101000,0xAA
0b111011011111101010,0b00101010,0xAA
0b111011011111101011,0b10101000,0xAA
0b111011100110010000,0b10101110,0xAA
0b111011100110010011,0b00101010,0xAA
0b111011101111000011,0b00101010,0xAA
0b111100000010011001,0b10100010,0xAA
0b111100000010011010,0b00101010,0xAA
0b111100000010011011,0b10001010,0xAA
0b111100000010011101,0b10100000,0xAA
0b111100000010011111,0b10101000,0xAA
0b111100000101000010,0b00101000,0xAA
0b111100000110000101,0b10100000,0xAA
0b111100000110000111,0b10101000,0xAA
0b111100000110010001,0b00101010,0xAA
0b111100000110010010,0b00101010,0xAA
0b111100000110010101,0b10100010,0xAA
0b111100000110010110,0b10100000,0xAA
0b111100000110010111,0b10101000,0xAA
0b111100001000010110,0b10101000,0xAA
0b111100001010000101,0b10100000,0xAA
0b111100001010000111,0b10101000,0xAA
0b111100001100111101,0b10100000,0xAA
0b111100001100111111,0b10101000,0xAA
0b111100001101100101,0b10100000,0xAA
0b111100001101100111,0b10101000,0xAA
0b111100010011011101,0b10100000,0xAA
0b111100010011011111,0b10101000,0xAA
0b111100010011111101,0b10100000,0xAA
0b111100010011111111,0b10101000,0xAA
0b111100010100101111,0b10101000,0xAA
0b111100010101111010,0b00101010,0xAA
0b111100011011011101,0b10100000,0xAA
0b111100011011011111,0b10101000,0xAA
0b111100011111000101,0b10100000,0xAA
0b111100011111000111,0b10101000,0xAA
0b111101000110000011,0b10100010,0xAA
0b111101010011111000,0b10101000,0xAA
0b111101010011111001,0b10001010,0xAA
0b111101010011111010,0b10101011,0xAA
0b111101010101001011,0b10100010,0xAA
0b111101100000101101,0b10100000,0xAA
0b111101100000101111,0b10101000,0xAA
0b111101100010011101,0b10100000,0xAA
0b111101100010011111,0b10101000,0xAA
0b111101100011011111,0b10101000,0xAA
0b111101100110001101,0b10100000,0xAA
0b111101100110001111,0b10101000,0xAA
0b111101100110111101,0b10100000,0xAA
0b111101100110111111,0b10101000,0xAA
0b111101101010111101,0b10100000,0xAA
0b111101101010111111,0b10101000,0xAA
0b111101110001000011,0b10101000,0xAA
0b111101110001111101,0b10100000,0xAA
0b111101110001111111,0b10101000,0xAA
0b111101110011011101,0b10100000,0xAA
0b111101110011011111,0b10101000,0xAA
0b111101110011111101,0b10100000,0xAA
0b111101110011111111,0b10101000,0xAA
0b111101110101111101,0b10100000,0xAA
0b111101110101111111,0b10101000,0xAA
0b111101110111100011,0b10101000,0xAA
0b111101111000000001,0b10001010,0xAA
0b111101111000000011,0b10101000,0xAA
0b111101111000111001,0b10001010,0xAA
0b111101111000111011,0b10101000,0xAA
0b111110000000110110,0b00111010,0xAA
0b111110000010011110,0b00101000,0xAA
0b111110000101100100,0b10000010,0xAA
0b111110000101100101,0b10101011,0xAA
0b111110000110010110,0b00101000,0xAA
0b111110001100111101,0b10100010,0xAA
0b111110001100111110,0b10101000,0xAA
0b111110010000100110,0b00101000,0xAA
0b111111010101001110,0b00101000,0xAA
0b111111100000011000,0b10101000,0xAA
0b111111100000011001,0b10001010,0xAA
0b111111100000011010,0b10101011,0xAA
0b111111100001110010,0b10101011,0xAA
0b111111100010011010,0b11100010,0xAA
0b111111100010110000,0b10101000,0xAA
0b111111100010110001,0b10001010,0xAA
0b111111100010110010,0b11100010,0xAA
0b111111100010110011,0b10100010,0xAA
0b111111100011100011,0b10100010,0xAA
0b111111100011110000,0b10101000,0xAA
0b111111100011110001,0b10001010,0xAA
0b111111100011110010,0b10101011,0xAA
0b111111100011111000,0b10101000,0xAA
0b111111100011111010,0b11100010,0xAA
0b111111100100111010,0b10100010,0xAA
0b111111100101010010,0b10100010,0xAA
0b111111100110010010,0b10100010,0xAA
0b111111100110010011,0b10100010,0xAA
0b111111100110011000,0b10101000,0xAA
0b111111100110011010,0b11100010,0xAA
0b111111100110110010,0b11100010,0xAA
0b111111100110111010,0b11100010,0xAA
0b111111100111010010,0b11100010,0xAA
0b111111100111101010,0b10100010,0xAA
0b111111100111110000,0b10101000,0xAA
0b111111100111110001,0b10001010,0xAA
0b111111100111110010,0b10101011,0xAA
0b111111100111111000,0b10101000,0xAA
0b111111100111111010,0b11100010,0xAA
0b111111101000111001,0b10001010,0xAA
0b111111101000111010,0b10101011,0xAA
0b111111101001100010,0b11100010,0xAA
0b111111101001100100,0b10101000,0xAA
0b111111101001100101,0b11100010,0xAA
0b111111101010001000,0b10101000,0xAA
0b111111101010001001,0b10001110,0xAA
0b111111101010001010,0b10100010,0xAA
0b111111101010011001,0b10001010,0xAA
0b111111101010011010,0b10101011,0xAA
0b111111101010101010,0b10100010,0xAA
0b111111101011111001,0b10001010,0xAA
0b111111101011111010,0b10101011,0xAA
0b111111101100001010,0b11100010,0xAA
0b111111101100010001,0b10001010,0xAA
0b111111101100010010,0b10100010,0xAA
0b111111101101100010,0b11100010,0xAA
0b111111101110000001,0b10001010,0xAA
0b111111101110000010,0b10101011,0xAA
0b111111101110010010,0b10100010,0xAA
0b111111101110011010,0b11100010,0xAA
0b111111110000101001,0b10001010,0xAA
0b111111110000101010,0b10101011,0xAA
0b111111110001101010,0b11100010,0xAA
0b111111110010101010,0b10101011,0xAA
0b111111110011011000,0b10101000,0xAA
0b111111110011011010,0b11100010,0xAA
0b111111110011100011,0b10100010,0xAA
0b111111110011101001,0b10001010,0xAA
0b111111110011101010,0b10100010,0xAA
0b111111110011111100,0b10101000,0xAA
0b111111110011111101,0b11100010,0xAA
0b111111110100000001,0b10001010,0xAA
0b111111110100000011,0b10100010,0xAA
0b111111110100010001,0b10001010,0xAA
0b111111110100010010,0b10100010,0xAA
0b111111110100101011,0b10100010,0xAA
0b111111110101001010,0b10100010,0xAA
0b111111110101011010,0b11100010,0xAA
0b111111110101100001,0b10001010,0xAA
0b111111110101100010,0b10101011,0xAA
0b111111110101110010,0b10101011,0xAA
0b111111110101111000,0b10101000,0xAA
0b111111110101111010,0b10100010,0xAA
0b111111110101111011,0b10100010,0xAA
0b111111110111100001,0b10001110,0xAA
0b111111110111100010,0b10100010,0xAA
0b111111110111111010,0b10101011,0xAA
0b111111111000000001,0b10001110,0xAA
0b111111111000000010,0b10100010,0xAA
0b111111111000010000,0b10101000,0xAA
0b111111111000010001,0b10001110,0xAA
0b111111111000010010,0b10100010,0xAA
0b111111111001011010,0b10101011,0xAA
0b111111111010000000,0b10101000,0xAA
0b111111111010000010,0b11100010,0xAA
0b111111111010110010,0b11100010,0xAA
0b111111111011000011,0b10100010,0xAA
0b111111111011100010,0b11100010,0xAA
0b111111111011111010,0b11100010,0xAA
0b111111111101000001,0b10001010,0xAA
0b111111111101000011,0b10100010,0xAA
0b111111111101001001,0b10001010,0xAA
0b111111111101001010,0b10100010,0xAA
0b111111111110010001,0b10001010,0xAA
0b111111111110010010,0b10100010,0xAA
0b111111111111101000,0b10101000,0xAA
0b111111111111101001,0b10001010,0xAA
0b111111111111101010,0b10101011,0xAA
